{
  "base_url": "https://index.zshipu.com/",
  "crawled_pages": 11,
  "broken_links": 0,
  "external_links": 8,
  "avg_response_time": 4.7426909966902295,
  "avg_page_size": 65.49493963068181,
  "seo_score": {
    "score": 53,
    "deductions": 47,
    "breakdown": {
      "title_issues": 2,
      "meta_issues": 8,
      "h1_issues": 5,
      "alt_issues": 7,
      "size_issues": 0,
      "broken_links": 0,
      "link_issues": 0,
      "slow_pages": 10,
      "duplicate_titles": 9,
      "duplicate_meta": 6
    }
  },
  "issues_found": 7,
  "report_file": "seo_audit_report_20251018_044243.html",
  "chart_dir": "seo_charts",
  "duration": 19.31755757331848
}