Time(s),I,II,III,aVR,aVL,aVF,V1,V2,V3,V4,V5,V6
0.0,0.0,0.0,0.0,0.0,0.0,0.0,0.0,0.0,0.0017924351204521953,0.0,0.0,0.0
0.002,0.0,0.0,0.0,0.0,0.0,0.0,0.0,0.0,0.0019722911651887613,0.0,0.0,0.0
0.004,0.0,0.0,0.0,0.0,0.0,0.0,0.0,0.0,0.002144116779900739,0.0,0.0,0.0
0.006,0.0,0.0,0.0,0.0,0.0,0.0,0.0,0.0,0.0022995658738846313,0.0,0.0,0.0
0.008,0.0,0.0,0.0,0.0,0.0,0.0,0.0,0.0,0.0024287784070444835,0.0,0.0,0.0
0.01,0.0,0.0,0.0,0.0,0.0,0.0,0.0,0.0,0.00252158357420151,0.0,0.0,0.0
0.012,0.0,0.0,0.0,0.0,0.0,0.0,0.0,0.0,0.002570473115367138,0.0,0.0,0.0
0.014,0.0,0.0,0.0,0.0,0.0,0.0,0.0,0.0,0.002574872992952176,0.0,0.0,0.0
0.016,0.0,0.0,0.0,0.0,0.0,0.0,0.0,0.0,0.002545588177193506,0.0,0.0,0.0
0.018,0.0,0.0,0.0,0.0,0.0,0.0,0.0,0.0,0.002507792539077274,0.0,0.0,0.0
0.02,0.0,0.0,0.0,0.0,0.0,0.0,0.0,0.0,0.0025007575864902983,0.0,0.0,0.0
0.022,0.0,0.0,0.0,0.0,0.0,0.0,0.0,0.0,0.002572811522607228,0.0,0.0,0.0
0.024,0.0,0.0,0.0,0.0,0.0,0.0,0.0,0.0,0.0027708763843379575,0.0,0.0,0.0
0.026,0.0,0.0,0.0,0.0,0.0,0.0,0.0,0.0,0.003125308288123227,0.0,0.0,0.0
0.028,0.0,0.0,0.0,0.0,0.0,0.0,0.0,0.0,0.0036324651840308197,0.0,0.0,0.0
0.03,0.0,0.0,0.0,0.0,0.0,0.0,0.0,0.0,0.004239074489825976,0.0,0.0,0.0
0.032,0.0,0.0,0.0,0.0,0.0,0.0,0.0,0.0,0.004833554460291725,0.0,0.0,0.0
0.034,0.0,0.0,0.0,0.0,0.0,0.0,0.0,0.0,0.005249393752338026,0.0,0.0,0.0
0.036,0.0,0.0,0.0,0.0,0.0,0.0,0.0,0.0,0.005284052472939833,0.0,0.0,0.0
0.038,0.0,0.0,0.0,0.0,0.0,0.0,0.0,0.0,0.0047334555183490504,0.0,0.0,0.0
0.04,0.0,0.0,0.0,0.0,0.0,0.0,0.0,0.0,0.003437355720425096,0.0,0.0,0.0
0.042,0.0,0.0,0.0,0.0,0.0,0.0,0.0,0.0,0.0013256795037503485,0.0,0.0,0.0
0.044,0.0,0.0,0.0,0.0,0.0,0.0,0.0,0.0,-0.0015477953528645495,0.0,0.0,0.0
0.046,0.0,0.0,0.0,0.0,0.0,0.0,0.0,0.0,-0.004998100877103678,0.0,0.0,0.0
0.048,0.0,0.0,0.0,0.0,0.0,0.0,0.0,0.0,-0.00873595216191047,0.0,0.0,0.0
0.05,0.0,0.0,0.0,0.0,0.0,0.0,0.0,0.0,-0.01242522475492315,0.0,0.0,0.0
0.052,0.0,0.0,0.0,0.0,0.0,0.0,0.0,0.0,-0.015754592630922798,0.0,0.0,0.0
0.054,0.0,0.0,0.0,0.0,0.0,0.0,0.0,0.0,-0.018500005945239432,0.0,0.0,0.0
0.056,0.0,0.0,0.0,0.0,0.0,0.0,0.0,0.0,-0.020558601586029873,0.0,0.0,0.0
0.058,0.0,0.0,0.0,0.0,0.0,0.0,0.0,0.0,-0.021947123161090962,0.0,0.0,0.0
0.06,0.0,0.0,0.0,0.0,0.0,0.0,0.0,0.0,-0.022771577727558886,0.0,0.0,0.0
0.062,0.0,0.0,0.0,0.0,0.0,0.0,0.0,0.0,-0.023183095833167532,0.0,0.0,0.0
0.064,0.0,0.0,0.0,0.0,0.0,0.0,0.0,0.0,-0.023335669933983685,0.0,0.0,0.0
0.066,0.0,0.0,0.0,0.0,0.0,0.0,0.0,0.0,-0.023356428423613986,0.0,0.0,0.0
0.068,0.0,0.0,0.0,0.0,0.0,0.0,0.0,0.0,-0.023331963458342153,0.0,0.0,0.0
0.07,0.0,0.0,0.0,0.0,0.0,0.0,0.0,0.0,-0.02330838259395504,0.0,0.0,0.0
0.072,0.0,0.0,0.0,0.0,0.0,0.0,0.0,0.0,-0.023299924779086503,0.0,0.0,0.0
0.074,0.0,0.0,0.0,0.0,0.0,0.0,0.0,0.0,-0.023300893329951427,0.0,0.0,0.0
0.076,0.0,0.0,0.0,0.0,0.0,0.0,0.0,0.0,-0.02329701865308847,0.0,0.0,0.0
0.078,0.0,0.0,0.0,0.0,0.0,0.0,0.0,0.0,-0.023274042012250456,0.0,0.0,0.0
0.08,0.0,0.0,0.0,0.0,0.0,0.0,0.0,0.0,-0.023222750358005553,0.0,0.0,0.0
0.082,0.0,0.0,0.0,0.0,0.0,0.0,0.0,0.0,-0.02314071651798213,0.0,0.0,0.0
0.084,0.0,0.0,0.0,0.0,0.0,0.0,0.0,0.0,-0.023031591257612036,0.0,0.0,0.0
0.086,0.0,0.0,0.0,0.0,0.0,0.0,0.0,0.0,-0.022903005177345524,0.0,0.0,0.0
0.088,0.0,0.0,0.0,0.0,0.0,0.0,0.0,0.0,-0.022764062298178917,0.0,0.0,0.0
0.09,0.0,0.0,0.0,0.0,0.0,0.0,0.0,0.0,-0.022623155827081444,0.0,0.0,0.0
0.092,0.0,0.0,0.0,0.0,0.0,0.0,0.0,0.0,-0.02248651824237021,0.0,0.0,0.0
0.094,0.0,0.0,0.0,0.0,0.0,0.0,0.0,0.0,-0.022357618796756462,0.0,0.0,0.0
0.096,0.0,0.0,0.0,0.0,0.0,0.0,0.0,0.0,-0.022237296694369225,0.0,0.0,0.0
0.098,0.0,0.0,0.0,0.0,0.0,0.0,0.0,0.0,-0.02212439008130843,0.0,0.0,0.0
0.1,0.0,0.0,0.0,0.0,0.0,0.0,0.0,0.0,-0.02201658531423081,0.0,0.0,0.0
0.102,0.0,0.0,0.0,0.0,0.0,0.0,0.0,0.0,-0.02191124583186714,0.0,0.0,0.0
0.104,0.0,0.0,0.0,0.0,0.0,0.0,0.0,0.0,-0.021806055750441755,0.0,0.0,0.0
0.106,0.0,0.0,0.0,0.0,0.0,0.0,0.0,0.0,-0.02169940119885728,0.0,0.0,0.0
0.108,0.0,0.0,0.0,0.0,0.0,0.0,0.0,0.0,-0.02159049003806425,0.0,0.0,0.0
0.11,0.0,0.0,0.0,0.0,0.0,0.0,0.0,0.0,-0.02147926470434322,0.0,0.0,0.0
0.112,0.0,0.0,0.0,0.0,0.0,0.0,0.0,0.0,-0.021366189252228506,0.0,0.0,0.0
0.114,0.0,0.0,0.0,0.0,0.0,0.0,0.0,0.0,-0.021251993153642,0.0,0.0,0.0
0.116,0.0,0.0,0.0,0.0,0.0,0.0,0.0,0.0,-0.021137438267144093,0.0,0.0,0.0
0.118,0.0,0.0,0.0,0.0,0.0,0.0,0.0,0.0,-0.021023150342880503,0.0,0.0,0.0
0.12,0.0,0.0,0.0,0.0,0.0,0.0,0.0,0.0,-0.020909530400172058,0.0,0.0,0.0
0.122,0.0,0.0,0.0,0.0,0.0,0.0,0.0,0.0,-0.020796740023881915,0.0,0.0,0.0
0.124,0.0,0.0,0.0,0.0,0.0,0.0,0.0,0.0,-0.020684741062543914,0.0,0.0,0.0
0.126,0.0,0.0,0.0,0.0,0.0,0.0,0.0,0.0,-0.020573364844994987,0.0,0.0,0.0
0.128,0.0,0.0,0.0,0.0,0.0,0.0,0.0,0.0,-0.020462387481826695,0.0,0.0,0.0
0.13,0.0,0.0,0.0,0.0,0.0,0.0,0.0,0.0,-0.02035159370363822,0.0,0.0,0.0
0.132,0.0,0.0,0.0,0.0,0.0,0.0,0.0,0.0,-0.02024081943168572,0.0,0.0,0.0
0.134,0.0,0.0,0.0,0.0,0.0,0.0,0.0,0.0,-0.02012997069906102,0.0,0.0,0.0
0.136,0.0,0.0,0.0,0.0,0.0,0.0,0.0,0.0,-0.020019022194299213,0.0,0.0,0.0
0.138,0.0,0.0,0.0,0.0,0.0,0.0,0.0,0.0,-0.019908001946475334,0.0,0.0,0.0
0.14,0.0,0.0,0.0,0.0,0.0,0.0,0.0,0.0,-0.019796969569311772,0.0,0.0,0.0
0.142,0.0,0.0,0.0,0.0,0.0,0.0,0.0,0.0,-0.019685994560982842,0.0,0.0,0.0
0.144,0.0,0.0,0.0,0.0,0.0,0.0,0.0,0.0,-0.019575139163002367,0.0,0.0,0.0
0.146,0.0,0.0,0.0,0.0,0.0,0.0,0.0,0.0,-0.019464447958201993,0.0,0.0,0.0
0.148,0.0,0.0,0.0,0.0,0.0,0.0,0.0,0.0,-0.019353944319025356,0.0,0.0,0.0
0.15,0.0,0.0,0.0,0.0,0.0,0.0,0.0,0.0,-0.019243632356460642,0.0,0.0,0.0
0.152,0.0,0.0,0.0,0.0,0.0,0.0,0.0,0.0,-0.019133502285802722,0.0,0.0,0.0
0.154,0.0,0.0,0.0,0.0,0.0,0.0,0.0,0.0,-0.019023537049310136,0.0,0.0,0.0
0.156,0.0,0.0,0.0,0.0,0.0,0.0,0.0,0.0,-0.018913718432845054,0.0,0.0,0.0
0.158,0.0,0.0,0.0,0.0,0.0,0.0,0.0,0.0,-0.018804031556727423,0.0,0.0,0.0
0.16,0.0,0.0,0.0,0.0,0.0,0.0,0.0,0.0,-0.01869446730125321,0.0,0.0,0.0
0.162,0.0,0.0,0.0,0.0,0.0,0.0,0.0,0.0,-0.018585022791618378,0.0,0.0,0.0
0.164,0.0,0.0,0.0,0.0,0.0,0.0,0.0,0.0,-0.018475700433171732,0.0,0.0,0.0
0.166,0.0,0.0,0.0,0.0,0.0,0.0,0.0,0.0,-0.01836650614014351,0.0,0.0,0.0
0.168,0.0,0.0,0.0,0.0,0.0,0.0,0.0,0.0,-0.018257447372817703,0.0,0.0,0.0
0.17,0.0,0.0,0.0,0.0,0.0,0.0,0.0,0.0,-0.018148531450432735,0.0,0.0,0.0
0.172,0.0,0.0,0.0,0.0,0.0,0.0,0.0,0.0,-0.01803976440712268,0.0,0.0,0.0
0.174,0.0,0.0,0.0,0.0,0.0,0.0,0.0,0.0,-0.01793115046355508,0.0,0.0,0.0
0.176,0.0,0.0,0.0,0.0,0.0,0.0,0.0,0.0,-0.01782269203650694,0.0,0.0,0.0
0.178,0.0,0.0,0.0,0.0,0.0,0.0,0.0,0.0,-0.017714390120284786,0.0,0.0,0.0
0.18,0.0,0.0,0.0,0.0,0.0,0.0,0.0,0.0,-0.017606244847102354,0.0,0.0,0.0
0.182,0.0,0.0,0.0,0.0,0.0,0.0,0.0,0.0,-0.0174982560550885,0.0,0.0,0.0
0.184,0.0,0.0,0.0,0.0,0.0,0.0,0.0,0.0,-0.017390423743269115,0.0,0.0,0.0
0.186,0.0,0.0,0.0,0.0,0.0,0.0,0.0,0.0,-0.017282748353214583,0.0,0.0,0.0
0.188,0.0,0.0,0.0,0.0,0.0,0.0,0.0,0.0,-0.017175230871546793,0.0,0.0,0.0
0.19,0.0,0.0,0.0,0.0,0.0,0.0,0.0,0.0,-0.01706787278658633,0.0,0.0,0.0
0.192,0.0,0.0,0.0,0.0,0.0,0.0,0.0,0.0,-0.016960675952652084,0.0,0.0,0.0
0.194,0.0,0.0,0.0,0.0,0.0,0.0,0.0,0.0,-0.016853642418438994,0.0,0.0,0.0
0.196,0.0,0.0,0.0,0.0,0.0,0.0,0.0,0.0,-0.016746774266170595,0.0,0.0,0.0
0.198,0.0,0.0,0.0,0.0,0.0,0.0,0.0,0.0,-0.016640073491734776,0.0,0.0,0.0
0.2,0.0,0.0,0.0,0.0,0.0,0.0,0.0,0.0,-0.01653354193825962,0.0,0.0,0.0
0.202,0.0,0.0,0.0,0.0,0.0,0.0,0.0,0.0,-0.016427181280654797,0.0,0.0,0.0
0.204,0.0,0.0,0.0,0.0,0.0,0.0,0.0,0.0,-0.016320993048782477,0.0,0.0,0.0
0.206,0.0,0.0,0.0,0.0,0.0,0.0,0.0,0.0,-0.016214978672638047,0.0,0.0,0.0
0.208,0.0,0.0,0.0,0.0,0.0,0.0,0.0,0.0,-0.016109139533405772,0.0,0.0,0.0
0.21,0.0,0.0,0.0,0.0,0.0,0.0,0.0,0.0,-0.016003477007952495,0.0,0.0,0.0
0.212,0.0,0.0,0.0,0.0,0.0,0.0,0.0,0.0,-0.015897992499483066,0.0,0.0,0.0
0.214,0.0,0.0,0.0,0.0,0.0,0.0,0.0,0.0,-0.015792687452183367,0.0,0.0,0.0
0.216,0.0,0.0,0.0,0.0,0.0,0.0,0.0,0.0,-0.015687563351675426,0.0,0.0,0.0
0.218,0.0,0.0,0.0,0.0,0.0,0.0,0.0,0.0,-0.015582621715508088,0.0,0.0,0.0
0.22,0.0,0.0,0.0,0.0,0.0,0.0,0.0,0.0,-0.015477864078694113,0.0,0.0,0.0
0.222,0.0,0.0,0.0,0.0,0.0,0.0,0.0,0.0,-0.015373291978808006,0.0,0.0,0.0
0.224,0.0,0.0,0.0,0.0,0.0,0.0,0.0,0.0,-0.015268906943873386,0.0,0.0,0.0
0.226,0.0,0.0,0.0,0.0,0.0,0.0,0.0,0.0,-0.015164710484702925,0.0,0.0,0.0
0.228,0.0,0.0,0.0,0.0,0.0,0.0,0.0,0.0,-0.015060704091919048,0.0,0.0,0.0
0.23,0.0,0.0,0.0,0.0,0.0,0.0,0.0,0.0,-0.014956889236839107,0.0,0.0,0.0
0.232,0.0,0.0,0.0,0.0,0.0,0.0,0.0,0.0,-0.014853267374852815,0.0,0.0,0.0
0.234,0.0,0.0,0.0,0.0,0.0,0.0,0.0,0.0,-0.014749839949819226,0.0,0.0,0.0
0.236,0.0,0.0,0.0,0.0,0.0,0.0,0.0,0.0,-0.014646608398247357,0.0,0.0,0.0
0.238,0.0,0.0,0.0,0.0,0.0,0.0,0.0,0.0,-0.01454357415244685,0.0,0.0,0.0
0.24,0.0,0.0,0.0,0.0,0.0,0.0,0.0,0.0,-0.014440738642297732,0.0,0.0,0.0
0.242,0.0,0.0,0.0,0.0,0.0,0.0,0.0,0.0,-0.014338103295683113,0.0,0.0,0.0
0.244,0.0,0.0,0.0,0.0,0.0,0.0,0.0,0.0,-0.01423566953789394,0.0,0.0,0.0
0.246,0.0,0.0,0.0,0.0,0.0,0.0,0.0,0.0,-0.01413343879043474,0.0,0.0,0.0
0.248,0.0,0.0,0.0,0.0,0.0,0.0,0.0,0.0,-0.014031412469653365,0.0,0.0,0.0
0.25,0.0,0.0,0.0,0.0,0.0,0.0,0.0,0.0,-0.013929591985525402,0.0,0.0,0.0
0.252,0.0,0.0,0.0,0.0,0.0,0.0,0.0,0.0,-0.013827978740790925,0.0,0.0,0.0
0.254,0.0,0.0,0.0,0.0,0.0,0.0,0.0,0.0,-0.013726574130507634,0.0,0.0,0.0
0.256,0.0,0.0,0.0,0.0,0.0,0.0,0.0,0.0,-0.013625379541978268,0.0,0.0,0.0
0.258,0.0,0.0,0.0,0.0,0.0,0.0,0.0,0.0,-0.013524396354945036,0.0,0.0,0.0
0.26,0.0,0.0,0.0,0.0,0.0,0.0,0.0,0.0,-0.013423625941921096,0.0,0.0,0.0
0.262,0.0,0.0,0.0,0.0,0.0,0.0,0.0,0.0,-0.013323069668540183,0.0,0.0,0.0
0.264,0.0,0.0,0.0,0.0,0.0,0.0,0.0,0.0,-0.013222728893838128,0.0,0.0,0.0
0.266,0.0,0.0,0.0,0.0,0.0,0.0,0.0,0.0,-0.013122604970420485,0.0,0.0,0.0
0.268,0.0,0.0,0.0,0.0,0.0,0.0,0.0,0.0,-0.013022699244508378,0.0,0.0,0.0
0.27,0.0,0.0,0.0,0.0,0.0,0.0,0.0,0.0,-0.012923013055882402,0.0,0.0,0.0
0.272,0.0,0.0,0.0,0.0,0.0,0.0,0.0,0.0,-0.01282354773775971,0.0,0.0,0.0
0.274,0.0,0.0,0.0,0.0,0.0,0.0,0.0,0.0,-0.01272430461664272,0.0,0.0,0.0
0.276,0.0,0.0,0.0,0.0,0.0,0.0,0.0,0.0,-0.012625285012172152,0.0,0.0,0.0
0.278,0.0,0.0,0.0,0.0,0.0,0.0,0.0,0.0,-0.0125264902370062,0.0,0.0,0.0
0.28,0.0,0.0,0.0,0.0,0.0,0.0,0.0,0.0,-0.012427921596735772,0.0,0.0,0.0
0.282,0.0,0.0,0.0,0.0,0.0,0.0,0.0,0.0,-0.012329580389835082,0.0,0.0,0.0
0.284,0.0,0.0,0.0,0.0,0.0,0.0,0.0,0.0,-0.012231467907640028,0.0,0.0,0.0
0.286,0.0,0.0,0.0,0.0,0.0,0.0,0.0,0.0,-0.01213358543434314,0.0,0.0,0.0
0.288,0.0,0.0,0.0,0.0,0.0,0.0,0.0,0.0,-0.012035934246994147,0.0,0.0,0.0
0.29,0.0,0.0,0.0,0.0,0.0,0.0,0.0,0.0,-0.011938515615497294,0.0,0.0,0.0
0.292,0.0,0.0,0.0,0.0,0.0,0.0,0.0,0.0,-0.011841330802600115,0.0,0.0,0.0
0.294,0.0,0.0,0.0,0.0,0.0,0.0,0.0,0.0,-0.01174438106387175,0.0,0.0,0.0
0.296,0.0,0.0,0.0,0.0,0.0,0.0,0.0,0.0,-0.011647667647671778,0.0,0.0,0.0
0.298,0.0,0.0,0.0,0.0,0.0,0.0,0.0,0.0,-0.011551191795112305,0.0,0.0,0.0
0.3,0.0,0.0,0.0,0.0,0.0,0.0,0.0,0.0,-0.011454954740016638,0.0,0.0,0.0
0.302,0.0,0.0,0.0,0.0,0.0,0.0,0.0,0.0,-0.011358957708877676,0.0,0.0,0.0
0.304,0.0,0.0,0.0,0.0,0.0,0.0,0.0,0.0,-0.01126320192081838,0.0,0.0,0.0
0.306,0.0,0.0,0.0,0.0,0.0,0.0,0.0,0.0,-0.011167688587555511,0.0,0.0,0.0
0.308,0.0,0.0,0.0,0.0,0.0,0.0,0.0,0.0,-0.011072418913366902,0.0,0.0,0.0
0.31,0.0,0.0,0.0,0.0,0.0,0.0,0.0,0.0,-0.010977394095061852,0.0,0.0,0.0
0.312,0.0,0.0,0.0,0.0,0.0,0.0,0.0,0.0,-0.010882615321953646,0.0,0.0,0.0
0.314,0.0,0.0,0.0,0.0,0.0,0.0,0.0,0.0,-0.010788083775833275,0.0,0.0,0.0
0.316,0.0,0.0,0.0,0.0,0.0,0.0,0.0,0.0,-0.010693800630943467,0.0,0.0,0.0
0.318,0.0,0.0,0.0,0.0,0.0,0.0,0.0,0.0,-0.010599767053952443,0.0,0.0,0.0
0.32,0.0,0.0,0.0,0.0,0.0,0.0,0.0,0.0,-0.010505984203927102,0.0,0.0,0.0
0.322,0.0,0.0,0.0,0.0,0.0,0.0,0.0,0.0,-0.010412453232305687,0.0,0.0,0.0
0.324,0.0,0.0,0.0,0.0,0.0,0.0,0.0,0.0,-0.010319175282870076,0.0,0.0,0.0
0.326,0.0,0.0,0.0,0.0,0.0,0.0,0.0,0.0,-0.010226151491718004,0.0,0.0,0.0
0.328,0.0,0.0,0.0,0.0,0.0,0.0,0.0,0.0,-0.010133382987235515,0.0,0.0,0.0
0.33,0.0,0.0,0.0,0.0,0.0,0.0,0.0,0.0,-0.01004087089006986,0.0,0.0,0.0
0.332,0.0,0.0,0.0,0.0,0.0,0.0,0.0,0.0,-0.009948616313102981,0.0,0.0,0.0
0.334,0.0,0.0,0.0,0.0,0.0,0.0,0.0,0.0,-0.009856620361425676,0.0,0.0,0.0
0.336,0.0,0.0,0.0,0.0,0.0,0.0,0.0,0.0,-0.009764884132312364,0.0,0.0,0.0
0.338,0.0,0.0,0.0,0.0,0.0,0.0,0.0,0.0,-0.009673408715196426,0.0,0.0,0.0
0.34,0.0,0.0,0.0,0.0,0.0,0.0,0.0,0.0,-0.009582195191646036,0.0,0.0,0.0
0.342,0.0,0.0,0.0,0.0,0.0,0.0,0.0,0.0,-0.009491244635340351,0.0,0.0,0.0
0.344,0.0,0.0,0.0,0.0,0.0,0.0,0.0,0.0,-0.00940055811204606,0.0,0.0,0.0
0.346,0.0,0.0,0.0,0.0,0.0,0.0,0.0,0.0,-0.009310136679594211,0.0,0.0,0.0
0.348,0.0,0.0,0.0,0.0,0.0,0.0,0.0,0.0,-0.009219981387857366,0.0,0.0,0.0
0.35,0.0,0.0,0.0,0.0,0.0,0.0,0.0,0.0,-0.009130093278726995,0.0,0.0,0.0
0.352,0.0,0.0,0.0,0.0,0.0,0.0,0.0,0.0,-0.009040473386091251,0.0,0.0,0.0
0.354,0.0,0.0,0.0,0.0,0.0,0.0,0.0,0.0,-0.008951122735813062,0.0,0.0,0.0
0.356,0.0,0.0,0.0,0.0,0.0,0.0,0.0,0.0,-0.008862042345708596,0.0,0.0,0.0
0.358,0.0,0.0,0.0,0.0,0.0,0.0,0.0,0.0,-0.008773233225526124,0.0,0.0,0.0
0.36,0.0,0.0,0.0,0.0,0.0,0.0,0.0,0.0,-0.008684696376925287,0.0,0.0,0.0
0.362,0.0,0.0,0.0,0.0,0.0,0.0,0.0,0.0,-0.008596432793456735,0.0,0.0,0.0
0.364,0.0,0.0,0.0,0.0,0.0,0.0,0.0,0.0,-0.008508443460542175,0.0,0.0,0.0
0.366,0.0,0.0,0.0,0.0,0.0,0.0,0.0,0.0,-0.00842072935545478,0.0,0.0,0.0
0.368,0.0,0.0,0.0,0.0,0.0,0.0,0.0,0.0,-0.008333291447300004,0.0,0.0,0.0
0.37,0.0,0.0,0.0,0.0,0.0,0.0,0.0,0.0,-0.008246130696996739,0.0,0.0,0.0
0.372,0.0,0.0,0.0,0.0,0.0,0.0,0.0,0.0,-0.008159248057258848,0.0,0.0,0.0
0.374,0.0,0.0,0.0,0.0,0.0,0.0,0.0,0.0,-0.00807264447257705,0.0,0.0,0.0
0.376,0.0,0.0,0.0,0.0,0.0,0.0,0.0,0.0,-0.007986320879201194,0.0,0.0,0.0
0.378,0.0,0.0,0.0,0.0,0.0,0.0,0.0,0.0,-0.007900278205122863,0.0,0.0,0.0
0.38,0.0,0.0,0.0,0.0,0.0,0.0,0.0,0.0,-0.007814517370058355,0.0,0.0,0.0
0.382,0.0,0.0,0.0,0.0,0.0,0.0,0.0,0.0,-0.007729039285432043,0.0,0.0,0.0
0.384,0.0,0.0,0.0,0.0,0.0,0.0,0.0,0.0,-0.007643844854360088,0.0,0.0,0.0
0.386,0.0,0.0,0.0,0.0,0.0,0.0,0.0,0.0,-0.007558934971634528,0.0,0.0,0.0
0.388,0.0,0.0,0.0,0.0,0.0,0.0,0.0,0.0,-0.007474310523707749,0.0,0.0,0.0
0.39,0.0,0.0,0.0,0.0,0.0,0.0,0.0,0.0,-0.0073899723886772795,0.0,0.0,0.0
0.392,0.0,0.0,0.0,0.0,0.0,0.0,0.0,0.0,-0.0073059214362709984,0.0,0.0,0.0
0.394,0.0,0.0,0.0,0.0,0.0,0.0,0.0,0.0,-0.007222158527832692,0.0,0.0,0.0
0.396,0.0,0.0,0.0,0.0,0.0,0.0,0.0,0.0,-0.00713868451630797,0.0,0.0,0.0
0.398,0.0,0.0,0.0,0.0,0.0,0.0,0.0,0.0,-0.007055500246230546,0.0,0.0,0.0
0.4,0.0,0.0,0.0,0.0,0.0,0.0,0.0,0.0,-0.006972606553708887,0.0,0.0,0.0
0.402,0.0,0.0,0.0,0.0,0.0,0.0,0.0,0.0,-0.006890004266413207,0.0,0.0,0.0
0.404,0.0,0.0,0.0,0.0,0.0,0.0,0.0,0.0,-0.0068076942035628415,0.0,0.0,0.0
0.406,0.0,0.0,0.0,0.0,0.0,0.0,0.0,0.0,-0.006725677175913984,0.0,0.0,0.0
0.408,0.0,0.0,0.0,0.0,0.0,0.0,0.0,0.0,-0.006643953985747762,0.0,0.0,0.0
0.41,0.0,0.0,0.0,0.0,0.0,0.0,0.0,0.0,-0.006562525426858678,0.0,0.0,0.0
0.412,0.0,0.0,0.0,0.0,0.0,0.0,0.0,0.0,-0.006481392284543419,0.0,0.0,0.0
0.414,0.0,0.0,0.0,0.0,0.0,0.0,0.0,0.0,-0.006400555335590032,0.0,0.0,0.0
0.416,0.0,0.0,0.0,0.0,0.0,0.0,0.0,0.0,-0.00632001534826741,0.0,0.0,0.0
0.418,0.0,0.0,0.0,0.0,0.0,0.0,0.0,0.0,-0.006239773082315195,0.0,0.0,0.0
0.42,0.0,0.0,0.0,0.0,0.0,0.0,0.0,0.0,-0.006159829288934,0.0,0.0,0.0
0.422,0.0,0.0,0.0,0.0,0.0,0.0,0.0,0.0,-0.006080184710775986,0.0,0.0,0.0
0.424,0.0,0.0,0.0,0.0,0.0,0.0,0.0,0.0,-0.006000840081935806,0.0,0.0,0.0
0.426,0.0,0.0,0.0,0.0,0.0,0.0,0.0,0.0,-0.005921796127941893,0.0,0.0,0.0
0.428,0.0,0.0,0.0,0.0,0.0,0.0,0.0,0.0,-0.005843053565748088,0.0,0.0,0.0
0.43,0.0,0.0,0.0,0.0,0.0,0.0,0.0,0.0,-0.005764613103725655,0.0,0.0,0.0
0.432,0.0,0.0,0.0,0.0,0.0,0.0,0.0,0.0,-0.005686475441655599,0.0,0.0,0.0
0.434,0.0,0.0,0.0,0.0,0.0,0.0,0.0,0.0,-0.005608641270721368,0.0,0.0,0.0
0.436,0.0,0.0,0.0,0.0,0.0,0.0,0.0,0.0,-0.005531111273501883,0.0,0.0,0.0
0.438,0.0,0.0,0.0,0.0,0.0,0.0,0.0,0.0,-0.005453886123964923,0.0,0.0,0.0
0.44,0.0,0.0,0.0,0.0,0.0,0.0,0.0,0.0,-0.005376966487460845,0.0,0.0,0.0
0.442,0.0,0.0,0.0,0.0,0.0,0.0,0.0,0.0,-0.005300353020716669,0.0,0.0,0.0
0.444,0.0,0.0,0.0,0.0,0.0,0.0,0.0,0.0,-0.005224046371830486,0.0,0.0,0.0
0.446,0.0,0.0,0.0,0.0,0.0,0.0,0.0,0.0,-0.005148047180266227,0.0,0.0,0.0
0.448,0.0,0.0,0.0,0.0,0.0,0.0,0.0,0.0,-0.005072356076848734,0.0,0.0,0.0
0.45,0.0,0.0,0.0,0.0,0.0,0.0,0.0,0.0,-0.004996973683759226,0.0,0.0,0.0
0.452,0.0,0.0,0.0,0.0,0.0,0.0,0.0,0.0,-0.004921900614531063,0.0,0.0,0.0
0.454,0.0,0.0,0.0,0.0,0.0,0.0,0.0,0.0,-0.004847137474045866,0.0,0.0,0.0
0.456,0.0,0.0,0.0,0.0,0.0,0.0,0.0,0.0,-0.004772684858529972,0.0,0.0,0.0
0.458,0.0,0.0,0.0,0.0,0.0,0.0,0.0,0.0,-0.0046985433555512095,0.0,0.0,0.0
0.46,0.0,0.0,0.0,0.0,0.0,0.0,0.0,0.0,-0.00462471354401604,0.0,0.0,0.0
0.462,0.0,0.0,0.0,0.0,0.0,0.0,0.0,0.0,-0.004551195994166996,0.0,0.0,0.0
0.464,0.0,0.0,0.0,0.0,0.0,0.0,0.0,0.0,-0.004477991267580469,0.0,0.0,0.0
0.466,0.0,0.0,0.0,0.0,0.0,0.0,0.0,0.0,-0.004405099917164826,0.0,0.0,0.0
0.468,0.0,0.0,0.0,0.0,0.0,0.0,0.0,0.0,-0.004332522487158855,0.0,0.0,0.0
0.47,0.0,0.0,0.0,0.0,0.0,0.0,0.0,0.0,-0.00426025951313054,0.0,0.0,0.0
0.472,0.0,0.0,0.0,0.0,0.0,0.0,0.0,0.0,-0.004188311521976159,0.0,0.0,0.0
0.474,0.0,0.0,0.0,0.0,0.0,0.0,0.0,0.0,-0.004116679031919703,0.0,0.0,0.0
0.476,0.0,0.0,0.0,0.0,0.0,0.0,0.0,0.0,-0.0040453625525126435,0.0,0.0,0.0
0.478,0.0,0.0,0.0,0.0,0.0,0.0,0.0,0.0,-0.003974362584633994,0.0,0.0,0.0
0.48,0.0,0.0,0.0,0.0,0.0,0.0,0.0,0.0,-0.0039036796204906833,0.0,0.0,0.0
0.482,0.0,0.0,0.0,0.0,0.0,0.0,0.0,0.0,-0.003833314143618304,0.0,0.0,0.0
0.484,0.0,0.0,0.0,0.0,0.0,0.0,0.0,0.0,-0.0037632666288821143,0.0,0.0,0.0
0.486,0.0,0.0,0.0,0.0,0.0,0.0,0.0,0.0,-0.0036935375424784166,0.0,0.0,0.0
0.488,0.0,0.0,0.0,0.0,0.0,0.0,0.0,0.0,-0.003624127341936189,0.0,0.0,0.0
0.49,0.0,0.0,0.0,0.0,0.0,0.0,0.0,0.0,-0.003555036476119093,0.0,0.0,0.0
0.492,0.0,0.0,0.0,0.0,0.0,0.0,0.0,0.0,-0.0034862653852277443,0.0,0.0,0.0
0.494,0.0,0.0,0.0,0.0,0.0,0.0,0.0,0.0,-0.0034178145008023353,0.0,0.0,0.0
0.496,0.0,0.0,0.0,0.0,0.0,0.0,0.0,0.0,-0.0033496842457255375,0.0,0.0,0.0
0.498,0.0,0.0,0.0,0.0,0.0,0.0,0.0,0.0,-0.0032818750342257213,0.0,0.0,0.0
0.5,0.0,0.0,0.0,0.0,0.0,0.0,0.0,0.0,-0.003214387271880493,0.0,0.0,0.0
0.502,0.0,0.0,0.0,0.0,0.0,0.0,0.0,0.0,-0.003147221355620535,0.0,0.0,0.0
0.504,0.0,0.0,0.0,0.0,0.0,0.0,0.0,0.0,-0.003080377673733734,0.0,0.0,0.0
0.506,0.0,0.0,0.0,0.0,0.0,0.0,0.0,0.0,-0.0030138566058696328,0.0,0.0,0.0
0.508,0.0,0.0,0.0,0.0,0.0,0.0,0.0,0.0,-0.0029476585230441606,0.0,0.0,0.0
0.51,0.0,0.0,0.0,0.0,0.0,0.0,0.0,0.0,-0.0028817837876446983,0.0,0.0,0.0
0.512,0.0,0.0,0.0,0.0,0.0,0.0,0.0,0.0,-0.002816232753435413,0.0,0.0,0.0
0.514,0.0,0.0,0.0,0.0,0.0,0.0,0.0,0.0,-0.002751005765562876,0.0,0.0,0.0
0.516,0.0,0.0,0.0,0.0,0.0,0.0,0.0,0.0,-0.002686103160562026,0.0,0.0,0.0
0.518,0.0,0.0,0.0,0.0,0.0,0.0,0.0,0.0,-0.0026215252663623727,0.0,0.0,0.0
0.52,0.0,0.0,0.0,0.0,0.0,0.0,0.0,0.0,-0.0025572724022945303,0.0,0.0,0.0
0.522,0.0,0.0,0.0,0.0,0.0,0.0,0.0,0.0,-0.002493344879097033,0.0,0.0,0.0
0.524,0.0,0.0,0.0,0.0,0.0,0.0,0.0,0.0,-0.002429742998923427,0.0,0.0,0.0
0.526,0.0,0.0,0.0,0.0,0.0,0.0,0.0,0.0,-0.0023664670553496386,0.0,0.0,0.0
0.528,0.0,0.0,0.0,0.0,0.0,0.0,0.0,0.0,-0.002303517333381671,0.0,0.0,0.0
0.53,0.0,0.0,0.0,0.0,0.0,0.0,0.0,0.0,-0.0022408941094635617,0.0,0.0,0.0
0.532,0.0,0.0,0.0,0.0,0.0,0.0,0.0,0.0,-0.002178597651485599,0.0,0.0,0.0
0.534,0.0,0.0,0.0,0.0,0.0,0.0,0.0,0.0,-0.0021166282187928542,0.0,0.0,0.0
0.536,0.0,0.0,0.0,0.0,0.0,0.0,0.0,0.0,-0.0020549860621939774,0.0,0.0,0.0
0.538,0.0,0.0,0.0,0.0,0.0,0.0,0.0,0.0,-0.0019936714239702728,0.0,0.0,0.0
0.54,0.0,0.0,0.0,0.0,0.0,0.0,0.0,0.0,-0.0019326845378850512,0.0,0.0,0.0
0.542,0.0,0.0,0.0,0.0,0.0,0.0,0.0,0.0,-0.0018720256291932524,0.0,0.0,0.0
0.544,0.0,0.0,0.0,0.0,0.0,0.0,0.0,0.0,-0.0018116949146513503,0.0,0.0,0.0
0.546,0.0,0.0,0.0,0.0,0.0,0.0,0.0,0.0,-0.0017516926025275097,0.0,0.0,0.0
0.548,0.0,0.0,0.0,0.0,0.0,0.0,0.0,0.0,-0.0016920188926120468,0.0,0.0,0.0
0.55,0.0,0.0,0.0,0.0,0.0,0.0,0.0,0.0,-0.0016326739762281151,0.0,0.0,0.0
0.552,0.0,0.0,0.0,0.0,0.0,0.0,0.0,0.0,-0.0015736580362426793,0.0,0.0,0.0
0.554,0.0,0.0,0.0,0.0,0.0,0.0,0.0,0.0,-0.0015149712470777597,0.0,0.0,0.0
0.556,0.0,0.0,0.0,0.0,0.0,0.0,0.0,0.0,-0.0014566137747219193,0.0,0.0,0.0
0.558,0.0,0.0,0.0,0.0,0.0,0.0,0.0,0.0,-0.0013985857767420274,0.0,0.0,0.0
0.56,0.0,0.0,0.0,0.0,0.0,0.0,0.0,0.0,-0.001340887402295275,0.0,0.0,0.0
0.562,0.0,0.0,0.0,0.0,0.0,0.0,0.0,0.0,-0.0012835187921414592,0.0,0.0,0.0
0.564,0.0,0.0,0.0,0.0,0.0,0.0,0.0,0.0,-0.0012264800786555051,0.0,0.0,0.0
0.566,0.0,0.0,0.0,0.0,0.0,0.0,0.0,0.0,-0.0011697713858402434,0.0,0.0,0.0
0.568,0.0,0.0,0.0,0.0,0.0,0.0,0.0,0.0,-0.0011133928293394673,0.0,0.0,0.0
0.57,0.0,0.0,0.0,0.0,0.0,0.0,0.0,0.0,-0.001057344516451189,0.0,0.0,0.0
0.572,0.0,0.0,0.0,0.0,0.0,0.0,0.0,0.0,-0.0010016265461411959,0.0,0.0,0.0
0.574,0.0,0.0,0.0,0.0,0.0,0.0,0.0,0.0,-0.0009462390090568236,0.0,0.0,0.0
0.576,0.0,0.0,0.0,0.0,0.0,0.0,0.0,0.0,-0.0008911819875409843,0.0,0.0,0.0
0.578,0.0,0.0,0.0,0.0,0.0,0.0,0.0,0.0,-0.0008364555556464462,0.0,0.0,0.0
0.58,0.0,0.0,0.0,0.0,0.0,0.0,0.0,0.0,-0.000782059779150324,0.0,0.0,0.0
0.582,0.0,0.0,0.0,0.0,0.0,0.0,0.0,0.0,-0.0007279947155688377,0.0,0.0,0.0
0.584,0.0,0.0,0.0,0.0,0.0,0.0,0.0,0.0,-0.0006742604141722949,0.0,0.0,0.0
0.586,0.0,0.0,0.0,0.0,0.0,0.0,0.0,0.0,-0.0006208569160003185,0.0,0.0,0.0
0.588,0.0,0.0,0.0,0.0,0.0,0.0,0.0,0.0,-0.0005677842538773167,0.0,0.0,0.0
0.59,0.0,0.0,0.0,0.0,0.0,0.0,0.0,0.0,-0.0005150424524281638,0.0,0.0,0.0
0.592,0.0,0.0,0.0,0.0,0.0,0.0,0.0,0.0,-0.00046263152809411946,0.0,0.0,0.0
0.594,0.0,0.0,0.0,0.0,0.0,0.0,0.0,0.0,-0.0004105514891489786,0.0,0.0,0.0
0.596,0.0,0.0,0.0,0.0,0.0,0.0,0.0,0.0,-0.00035880233571545465,0.0,0.0,0.0
0.598,0.0,0.0,0.0,0.0,0.0,0.0,0.0,0.0,-0.0003073840597817663,0.0,0.0,0.0
0.6,0.0,0.0,0.0,0.0,0.0,0.0,0.0,0.0,-0.00025629664521847634,0.0,0.0,0.0
0.602,0.0,0.0,0.0,0.0,0.0,0.0,0.0,0.0,-0.00020554006779553886,0.0,0.0,0.0
0.604,0.0,0.0,0.0,0.0,0.0,0.0,0.0,0.0,-0.00015511429519955884,0.0,0.0,0.0
0.606,0.0,0.0,0.0,0.0,0.0,0.0,0.0,0.0,-0.00010501928705127731,0.0,0.0,0.0
0.608,0.0,0.0,0.0,0.0,0.0,0.0,0.0,0.0,-5.525499492327508e-05,0.0,0.0,0.0
0.61,0.0,0.0,0.0,0.0,0.0,0.0,0.0,0.0,-5.821362357881152e-06,0.0,0.0,0.0
0.612,0.0,0.0,0.0,0.0,0.0,0.0,0.0,0.0,4.32816751146951e-05,0.0,0.0,0.0
0.614,0.0,0.0,0.0,0.0,0.0,0.0,0.0,0.0,9.205418995802874e-05,0.0,0.0,0.0
0.616,0.0,0.0,0.0,0.0,0.0,0.0,0.0,0.0,0.00014049626261092556,0.0,0.0,0.0
0.618,0.0,0.0,0.0,0.0,0.0,0.0,0.0,0.0,0.000188607981468681,0.0,0.0,0.0
0.62,0.0,0.0,0.0,0.0,0.0,0.0,0.0,0.0,0.00023638944286411955,0.0,0.0,0.0
0.622,0.0,0.0,0.0,0.0,0.0,0.0,0.0,0.0,0.00028384075104842966,0.0,0.0,0.0
0.624,0.0,0.0,0.0,0.0,0.0,0.0,0.0,0.0,0.00033096201817180496,0.0,0.0,0.0
0.626,0.0,0.0,0.0,0.0,0.0,0.0,0.0,0.0,0.00037775336426388185,0.0,0.0,0.0
0.628,0.0,0.0,0.0,0.0,0.0,0.0,0.0,0.0,0.0004242149172139862,0.0,0.0,0.0
0.63,0.0,0.0,0.0,0.0,0.0,0.0,0.0,0.0,0.0004703468127511684,0.0,0.0,0.0
0.632,0.0,0.0,0.0,0.0,0.0,0.0,0.0,0.0,0.0005161491944240624,0.0,0.0,0.0
0.634,0.0,0.0,0.0,0.0,0.0,0.0,0.0,0.0,0.000561622213580539,0.0,0.0,0.0
0.636,0.0,0.0,0.0,0.0,0.0,0.0,0.0,0.0,0.0006067660293471748,0.0,0.0,0.0
0.638,0.0,0.0,0.0,0.0,0.0,0.0,0.0,0.0,0.0006515808086085409,0.0,0.0,0.0
0.64,0.0,0.0,0.0,0.0,0.0,0.0,0.0,0.0,0.0006960667259862906,0.0,0.0,0.0
0.642,0.0,0.0,0.0,0.0,0.0,0.0,0.0,0.0,0.0007402239638180756,0.0,0.0,0.0
0.644,0.0,0.0,0.0,0.0,0.0,0.0,0.0,0.0,0.0007840527121362679,0.0,0.0,0.0
0.646,0.0,0.0,0.0,0.0,0.0,0.0,0.0,0.0,0.0008275531686465082,0.0,0.0,0.0
0.648,0.0,0.0,0.0,0.0,0.0,0.0,0.0,0.0,0.0008707255387060721,0.0,0.0,0.0
0.65,0.0,0.0,0.0,0.0,0.0,0.0,0.0,0.0,0.0009135700353020649,0.0,0.0,0.0
0.652,0.0,0.0,0.0,0.0,0.0,0.0,0.0,0.0,0.0009560868790294292,0.0,0.0,0.0
0.654,0.0,0.0,0.0,0.0,0.0,0.0,0.0,0.0,0.0009982762980687955,0.0,0.0,0.0
0.656,0.0,0.0,0.0,0.0,0.0,0.0,0.0,0.0,0.0010401385281641421,0.0,0.0,0.0
0.658,0.0,0.0,0.0,0.0,0.0,0.0,0.0,0.0,0.0010816738126003022,0.0,0.0,0.0
0.66,0.0,0.0,0.0,0.0,0.0,0.0,0.0,0.0,0.0011228824021802947,0.0,0.0,0.0
0.662,0.0,0.0,0.0,0.0,0.0,0.0,0.0,0.0,0.0011637645552024954,0.0,0.0,0.0
0.664,0.0,0.0,0.0,0.0,0.0,0.0,0.0,0.0,0.00120432053743763,0.0,0.0,0.0
0.666,0.0,0.0,0.0,0.0,0.0,0.0,0.0,0.0,0.0012445506221056227,0.0,0.0,0.0
0.668,0.0,0.0,0.0,0.0,0.0,0.0,0.0,0.0,0.0012844550898522822,0.0,0.0,0.0
0.67,0.0,0.0,0.0,0.0,0.0,0.0,0.0,0.0,0.0013240342287257987,0.0,0.0,0.0
0.672,0.0,0.0,0.0,0.0,0.0,0.0,0.0,0.0,0.0013632883341531338,0.0,0.0,0.0
0.674,0.0,0.0,0.0,0.0,0.0,0.0,0.0,0.0,0.0014022177089162207,0.0,0.0,0.0
0.676,0.0,0.0,0.0,0.0,0.0,0.0,0.0,0.0,0.0014408226631280252,0.0,0.0,0.0
0.678,0.0,0.0,0.0,0.0,0.0,0.0,0.0,0.0,0.001479103514208444,0.0,0.0,0.0
0.68,0.0,0.0,0.0,0.0,0.0,0.0,0.0,0.0,0.0015170605868600664,0.0,0.0,0.0
0.682,0.0,0.0,0.0,0.0,0.0,0.0,0.0,0.0,0.0015546942130437828,0.0,0.0,0.0
0.684,0.0,0.0,0.0,0.0,0.0,0.0,0.0,0.0,0.0015920047319542482,0.0,0.0,0.0
0.686,0.0,0.0,0.0,0.0,0.0,0.0,0.0,0.0,0.0016289924899952025,0.0,0.0,0.0
0.688,0.0,0.0,0.0,0.0,0.0,0.0,0.0,0.0,0.00166565784075465,0.0,0.0,0.0
0.69,0.0,0.0,0.0,0.0,0.0,0.0,0.0,0.0,0.0017020011449798934,0.0,0.0,0.0
0.692,0.0,0.0,0.0,0.0,0.0,0.0,0.0,0.0,0.0017380227705524358,0.0,0.0,0.0
0.694,0.0,0.0,0.0,0.0,0.0,0.0,0.0,0.0,0.0017737230924627471,0.0,0.0,0.0
0.696,0.0,0.0,0.0,0.0,0.0,0.0,0.0,0.0,0.0018091024927848927,0.0,0.0,0.0
0.698,0.0,0.0,0.0,0.0,0.0,0.0,0.0,0.0,0.0018441613606510286,0.0,0.0,0.0
0.7,0.0,0.0,0.0,0.0,0.0,0.0,0.0,0.0,0.0018789000922257645,0.0,0.0,0.0
0.702,0.0,0.0,0.0,0.0,0.0,0.0,0.0,0.0,0.0019133190906804008,0.0,0.0,0.0
0.704,0.0,0.0,0.0,0.0,0.0,0.0,0.0,0.0,0.0019474187661670415,0.0,0.0,0.0
0.706,0.0,0.0,0.0,0.0,0.0,0.0,0.0,0.0,0.0019811995357925712,0.0,0.0,0.0
0.708,0.0,0.0,0.0,0.0,0.0,0.0,0.0,0.0,0.0020146618235925154,0.0,0.0,0.0
0.71,0.0,0.0,0.0,0.0,0.0,0.0,0.0,0.0,0.0020478060605047914,0.0,0.0,0.0
0.712,0.0,0.0,0.0,0.0,0.0,0.0,0.0,0.0,0.0020806326843433136,0.0,0.0,0.0
0.714,0.0,0.0,0.0,0.0,0.0,0.0,0.0,0.0,0.0021131421397714957,0.0,0.0,0.0
0.716,0.0,0.0,0.0,0.0,0.0,0.0,0.0,0.0,0.002145334878275641,0.0,0.0,0.0
0.718,0.0,0.0,0.0,0.0,0.0,0.0,0.0,0.0,0.0021772113581382075,0.0,0.0,0.0
0.72,0.0,0.0,0.0,0.0,0.0,0.0,0.0,0.0,0.0022087720444109657,0.0,0.0,0.0
0.722,0.0,0.0,0.0,0.0,0.0,0.0,0.0,0.0,0.0022400174088880436,0.0,0.0,0.0
0.724,0.0,0.0,0.0,0.0,0.0,0.0,0.0,0.0,0.00227094793007886,0.0,0.0,0.0
0.726,0.0,0.0,0.0,0.0,0.0,0.0,0.0,0.0,0.002301564093180961,0.0,0.0,0.0
0.728,0.0,0.0,0.0,0.0,0.0,0.0,0.0,0.0,0.0023318663900527377,0.0,0.0,0.0
0.73,0.0,0.0,0.0,0.0,0.0,0.0,0.0,0.0,0.002361855319186052,0.0,0.0,0.0
0.732,0.0,0.0,0.0,0.0,0.0,0.0,0.0,0.0,0.0023915313856787464,0.0,0.0,0.0
0.734,0.0,0.0,0.0,0.0,0.0,0.0,0.0,0.0,0.0024208951012070655,0.0,0.0,0.0
0.736,0.0,0.0,0.0,0.0,0.0,0.0,0.0,0.0,0.002449946983997975,0.0,0.0,0.0
0.738,0.0,0.0,0.0,0.0,0.0,0.0,0.0,0.0,0.0024786875588013848,0.0,0.0,0.0
0.74,0.0,0.0,0.0,0.0,0.0,0.0,0.0,0.0,0.0025071173568622747,0.0,0.0,0.0
0.742,0.0,0.0,0.0,0.0,0.0,0.0,0.0,0.0,0.002535236915892733,0.0,0.0,0.0
0.744,0.0,0.0,0.0,0.0,0.0,0.0,0.0,0.0,0.002563046780043891,0.0,0.0,0.0
0.746,0.0,0.0,0.0,0.0,0.0,0.0,0.0,0.0,0.0025905474998777793,0.0,0.0,0.0
0.748,0.0,0.0,0.0,0.0,0.0,0.0,0.0,0.0,0.002617739632339096,0.0,0.0,0.0
0.75,0.0,0.0,0.0,0.0,0.0,0.0,0.0,0.0,0.0026446237407268813,0.0,0.0,0.0
0.752,0.0,0.0,0.0,0.0,0.0,0.0,0.0,0.0,0.0026712003946661126,0.0,0.0,0.0
0.754,0.0,0.0,0.0,0.0,0.0,0.0,0.0,0.0,0.0026974701700792168,0.0,0.0,0.0
0.756,0.0,0.0,0.0,0.0,0.0,0.0,0.0,0.0,0.0027234336491574985,0.0,0.0,0.0
0.758,0.0,0.0,0.0,0.0,0.0,0.0,0.0,0.0,0.0027490914203324923,0.0,0.0,0.0
0.76,0.0,0.0,0.0,0.0,0.0,0.0,0.0,0.0,0.0027744440782472325,0.0,0.0,0.0
0.762,0.0,0.0,0.0,0.0,0.0,0.0,0.0,0.0,0.002799492223727459,0.0,0.0,0.0
0.764,0.0,0.0,0.0,0.0,0.0,0.0,0.0,0.0,0.0028242364637527306,0.0,0.0,0.0
0.766,0.0,0.0,0.0,0.0,0.0,0.0,0.0,0.0,0.002848677411427478,0.0,0.0,0.0
0.768,0.0,0.0,0.0,0.0,0.0,0.0,0.0,0.0,0.0028728156859519852,0.0,0.0,0.0
0.77,0.0,0.0,0.0,0.0,0.0,0.0,0.0,0.0,0.002896651912593299,0.0,0.0,0.0
0.772,0.0,0.0,0.0,0.0,0.0,0.0,0.0,0.0,0.0029201867226560717,0.0,0.0,0.0
0.774,0.0,0.0,0.0,0.0,0.0,0.0,0.0,0.0,0.0029434207534533357,0.0,0.0,0.0
0.776,0.0,0.0,0.0,0.0,0.0,0.0,0.0,0.0,0.002966354648277221,0.0,0.0,0.0
0.778,0.0,0.0,0.0,0.0,0.0,0.0,0.0,0.0,0.002988989056369604,0.0,0.0,0.0
0.78,0.0,0.0,0.0,0.0,0.0,0.0,0.0,0.0,0.0030113246328926915,0.0,0.0,0.0
0.782,0.0,0.0,0.0,0.0,0.0,0.0,0.0,0.0,0.0030333620388995563,0.0,0.0,0.0
0.784,0.0,0.0,0.0,0.0,0.0,0.0,0.0,0.0,0.003055101941304605,0.0,0.0,0.0
0.786,0.0,0.0,0.0,0.0,0.0,0.0,0.0,0.0,0.003076545012854004,0.0,0.0,0.0
0.788,0.0,0.0,0.0,0.0,0.0,0.0,0.0,0.0,0.00309769193209603,0.0,0.0,0.0
0.79,0.0,0.0,0.0,0.0,0.0,0.0,0.0,0.0,0.003118543383351389,0.0,0.0,0.0
0.792,0.0,0.0,0.0,0.0,0.0,0.0,0.0,0.0,0.0031391000566834653,0.0,0.0,0.0
0.794,0.0,0.0,0.0,0.0,0.0,0.0,0.0,0.0,0.00315936264786854,0.0,0.0,0.0
0.796,0.0,0.0,0.0,0.0,0.0,0.0,0.0,0.0,0.0031793318583659457,0.0,0.0,0.0
0.798,0.0,0.0,0.0,0.0,0.0,0.0,0.0,0.0,0.0031990083952881856,0.0,0.0,0.0
0.8,0.0,0.0,0.0,0.0,0.0,0.0,0.0,0.0,0.0032183929713709993,0.0,0.0,0.0
0.802,0.0,0.0,0.0,0.0,0.0,0.0,0.0,0.0,0.0032374863049433947,0.0,0.0,0.0
0.804,0.0,0.0,0.0,0.0,0.0,0.0,0.0,0.0,0.003256289119897629,0.0,0.0,0.0
0.806,0.0,0.0,0.0,0.0,0.0,0.0,0.0,0.0,0.003274802145659158,0.0,0.0,0.0
0.808,0.0,0.0,0.0,0.0,0.0,0.0,0.0,0.0,0.003293026117156544,0.0,0.0,0.0
0.81,0.0,0.0,0.0,0.0,0.0,0.0,0.0,0.0,0.003310961774791324,0.0,0.0,0.0
0.812,0.0,0.0,0.0,0.0,0.0,0.0,0.0,0.0,0.0033286098644078423,0.0,0.0,0.0
0.814,0.0,0.0,0.0,0.0,0.0,0.0,0.0,0.0,0.003345971137263059,0.0,0.0,0.0
0.816,0.0,0.0,0.0,0.0,0.0,0.0,0.0,0.0,0.0033630463499963142,0.0,0.0,0.0
0.818,0.0,0.0,0.0,0.0,0.0,0.0,0.0,0.0,0.0033798362645990673,0.0,0.0,0.0
0.82,0.0,0.0,0.0,0.0,0.0,0.0,0.0,0.0,0.003396341648384607,0.0,0.0,0.0
0.822,0.0,0.0,0.0,0.0,0.0,0.0,0.0,0.0,0.003412563273957736,0.0,0.0,0.0
0.824,0.0,0.0,0.0,0.0,0.0,0.0,0.0,0.0,0.003428501919184422,0.0,0.0,0.0
0.826,0.0,0.0,0.0,0.0,0.0,0.0,0.0,0.0,0.0034441583671614324,0.0,0.0,0.0
0.828,0.0,0.0,0.0,0.0,0.0,0.0,0.0,0.0,0.003459533406185943,0.0,0.0,0.0
0.83,0.0,0.0,0.0,0.0,0.0,0.0,0.0,0.0,0.0034746278297251233,0.0,0.0,0.0
0.832,0.0,0.0,0.0,0.0,0.0,0.0,0.0,0.0,0.0034894424363857025,0.0,0.0,0.0
0.834,0.0,0.0,0.0,0.0,0.0,0.0,0.0,0.0,0.003503978029883518,0.0,0.0,0.0
0.836,0.0,0.0,0.0,0.0,0.0,0.0,0.0,0.0,0.003518235419013046,0.0,0.0,0.0
0.838,0.0,0.0,0.0,0.0,0.0,0.0,0.0,0.0,0.0035322154176169176,0.0,0.0,0.0
0.84,0.0,0.0,0.0,0.0,0.0,0.0,0.0,0.0,0.0035459188445554164,0.0,0.0,0.0
0.842,0.0,0.0,0.0,0.0,0.0,0.0,0.0,0.0,0.0035593465236759686,0.0,0.0,0.0
0.844,0.0,0.0,0.0,0.0,0.0,0.0,0.0,0.0,0.003572499283782618,0.0,0.0,0.0
0.846,0.0,0.0,0.0,0.0,0.0,0.0,0.0,0.0,0.0035853779586054965,0.0,0.0,0.0
0.848,0.0,0.0,0.0,0.0,0.0,0.0,0.0,0.0,0.0035979833867702733,0.0,0.0,0.0
0.85,0.0,0.0,0.0,0.0,0.0,0.0,0.0,0.0,0.0036103164117676136,0.0,0.0,0.0
0.852,0.0,0.0,0.0,0.0,0.0,0.0,0.0,0.0,0.003622377881922622,0.0,0.0,0.0
0.854,0.0,0.0,0.0,0.0,0.0,0.0,0.0,0.0,0.0036341686503642803,0.0,0.0,0.0
0.856,0.0,0.0,0.0,0.0,0.0,0.0,0.0,0.0,0.003645689574994886,0.0,0.0,0.0
0.858,0.0,0.0,0.0,0.0,0.0,0.0,0.0,0.0,0.0036569415184594892,0.0,0.0,0.0
0.86,0.0,0.0,0.0,0.0,0.0,0.0,0.0,0.0,0.003667925348115331,0.0,0.0,0.0
0.862,0.0,0.0,0.0,0.0,0.0,0.0,0.0,0.0,0.003678641936001273,0.0,0.0,0.0
0.864,0.0,0.0,0.0,0.0,0.0,0.0,0.0,0.0,0.003689092158807244,0.0,0.0,0.0
0.866,0.0,0.0,0.0,0.0,0.0,0.0,0.0,0.0,0.0036992768978436805,0.0,0.0,0.0
0.868,0.0,0.0,0.0,0.0,0.0,0.0,0.0,0.0,0.0037091970390109755,0.0,0.0,0.0
0.87,0.0,0.0,0.0,0.0,0.0,0.0,0.0,0.0,0.0037188534727689323,0.0,0.0,0.0
0.872,0.0,0.0,0.0,0.0,0.0,0.0,0.0,0.0,0.003728247094106232,0.0,0.0,0.0
0.874,0.0,0.0,0.0,0.0,0.0,0.0,0.0,0.0,0.0037373788025099005,0.0,0.0,0.0
0.876,0.0,0.0,0.0,0.0,0.0,0.0,0.0,0.0,0.0037462495019347946,0.0,0.0,0.0
0.878,0.0,0.0,0.0,0.0,0.0,0.0,0.0,0.0,0.0037548601007730952,0.0,0.0,0.0
0.88,0.0,0.0,0.0,0.0,0.0,0.0,0.0,0.0,0.003763211511823814,0.0,0.0,0.0
0.882,0.0,0.0,0.0,0.0,0.0,0.0,0.0,0.0,0.0037713046522623154,0.0,0.0,0.0
0.884,0.0,0.0,0.0,0.0,0.0,0.0,0.0,0.0,0.0037791404436098553,0.0,0.0,0.0
0.886,0.0,0.0,0.0,0.0,0.0,0.0,0.0,0.0,0.0037867198117031322,0.0,0.0,0.0
0.888,0.0,0.0,0.0,0.0,0.0,0.0,0.0,0.0,0.0037940436866638646,0.0,0.0,0.0
0.89,0.0,0.0,0.0,0.0,0.0,0.0,0.0,0.0,0.0038011130028683796,0.0,0.0,0.0
0.892,0.0,0.0,0.0,0.0,0.0,0.0,0.0,0.0,0.0038079286989172252,0.0,0.0,0.0
0.894,0.0,0.0,0.0,0.0,0.0,0.0,0.0,0.0,0.003814491717604807,0.0,0.0,0.0
0.896,0.0,0.0,0.0,0.0,0.0,0.0,0.0,0.0,0.0038208030058890425,0.0,0.0,0.0
0.898,0.0,0.0,0.0,0.0,0.0,0.0,0.0,0.0,0.0038268635148610494,0.0,0.0,0.0
0.9,0.0,0.0,0.0,0.0,0.0,0.0,0.0,0.0,0.003832674199714846,0.0,0.0,0.0
0.902,0.0,0.0,0.0,0.0,0.0,0.0,0.0,0.0,0.0038382360197170905,0.0,0.0,0.0
0.904,0.0,0.0,0.0,0.0,0.0,0.0,0.0,0.0,0.0038435499381768413,0.0,0.0,0.0
0.906,0.0,0.0,0.0,0.0,0.0,0.0,0.0,0.0,0.0038486169224153438,0.0,0.0,0.0
0.908,0.0,0.0,0.0,0.0,0.0,0.0,0.0,0.0,0.003853437943735856,0.0,0.0,0.0
0.91,0.0,0.0,0.0,0.0,0.0,0.0,0.0,0.0,0.0038580139773935034,0.0,0.0,0.0
0.912,0.0,0.0,0.0,0.0,0.0,0.0,0.0,0.0,0.003862346002565161,0.0,0.0,0.0
0.914,0.0,0.0,0.0,0.0,0.0,0.0,0.0,0.0,0.0038664350023193766,0.0,0.0,0.0
0.916,0.0,0.0,0.0,0.0,0.0,0.0,0.0,0.0,0.0038702819635863155,0.0,0.0,0.0
0.918,0.0,0.0,0.0,0.0,0.0,0.0,0.0,0.0,0.0038738878771277605,0.0,0.0,0.0
0.92,0.0,0.0,0.0,0.0,0.0,0.0,0.0,0.0,0.0038772537375071333,0.0,0.0,0.0
0.922,0.0,0.0,0.0,0.0,0.0,0.0,0.0,0.0,0.003880380543059563,0.0,0.0,0.0
0.924,0.0,0.0,0.0,0.0,0.0,0.0,0.0,0.0,0.0038832692958619876,0.0,0.0,0.0
0.926,0.0,0.0,0.0,0.0,0.0,0.0,0.0,0.0,0.0038859210017033025,0.0,0.0,0.0
0.928,0.0,0.0,0.0,0.0,0.0,0.0,0.0,0.0,0.0038883366700545445,0.0,0.0,0.0
0.93,0.0,0.0,0.0,0.0,0.0,0.0,0.0,0.0,0.003890517314039125,0.0,0.0,0.0
0.932,0.0,0.0,0.0,0.0,0.0,0.0,0.0,0.0,0.003892463950403098,0.0,0.0,0.0
0.934,0.0,0.0,0.0,0.0,0.0,0.0,0.0,0.0,0.00389417759948548,0.0,0.0,0.0
0.936,0.0,0.0,0.0,0.0,0.0,0.0,0.0,0.0,0.003895659285188615,0.0,0.0,0.0
0.938,0.0,0.0,0.0,0.0,0.0,0.0,0.0,0.0,0.0038969100349485813,0.0,0.0,0.0
0.94,0.0,0.0,0.0,0.0,0.0,0.0,0.0,0.0,0.003897930879705653,0.0,0.0,0.0
0.942,0.0,0.0,0.0,0.0,0.0,0.0,0.0,0.0,0.0038987228538748006,0.0,0.0,0.0
0.944,0.0,0.0,0.0,0.0,0.0,0.0,0.0,0.0,0.003899286995316256,0.0,0.0,0.0
0.946,0.0,0.0,0.0,0.0,0.0,0.0,0.0,0.0,0.0038996243453061144,0.0,0.0,0.0
0.948,0.0,0.0,0.0,0.0,0.0,0.0,0.0,0.0,0.0038997359485069987,0.0,0.0,0.0
0.95,0.0,0.0,0.0,0.0,0.0,0.0,0.0,0.0,0.0038996228529387614,0.0,0.0,0.0
0.952,0.0,0.0,0.0,0.0,0.0,0.0,0.0,0.0,0.0038992861099492685,0.0,0.0,0.0
0.954,0.0,0.0,0.0,0.0,0.0,0.0,0.0,0.0,0.003898726774185203,0.0,0.0,0.0
0.956,0.0,0.0,0.0,0.0,0.0,0.0,0.0,0.0,0.0038979459035629444,0.0,0.0,0.0
0.958,0.0,0.0,0.0,0.0,0.0,0.0,0.0,0.0,0.003896944559239512,0.0,0.0,0.0
0.96,0.0,0.0,0.0,0.0,0.0,0.0,0.0,0.0,0.0038957238055835485,0.0,0.0,0.0
0.962,0.0,0.0,0.0,0.0,0.0,0.0,0.0,0.0,0.0038942847101463714,0.0,0.0,0.0
0.964,0.0,0.0,0.0,0.0,0.0,0.0,0.0,0.0,0.003892628343633083,0.0,0.0,0.0
0.966,0.0,0.0,0.0,0.0,0.0,0.0,0.0,0.0,0.003890755779873739,0.0,0.0,0.0
0.968,0.0,0.0,0.0,0.0,0.0,0.0,0.0,0.0,0.0038886680957945807,0.0,0.0,0.0
0.97,0.0,0.0,0.0,0.0,0.0,0.0,0.0,0.0,0.003886366371389326,0.0,0.0,0.0
0.972,0.0,0.0,0.0,0.0,0.0,0.0,0.0,0.0,0.0038838516896905293,0.0,0.0,0.0
0.974,0.0,0.0,0.0,0.0,0.0,0.0,0.0,0.0,0.0038811251367409966,0.0,0.0,0.0
0.976,0.0,0.0,0.0,0.0,0.0,0.0,0.0,0.0,0.0038781878015652755,0.0,0.0,0.0
0.978,0.0,0.0,0.0,0.0,0.0,0.0,0.0,0.0,0.0038750407761412014,0.0,0.0,0.0
0.98,0.0,0.0,0.0,0.0,0.0,0.0,0.0,0.0,0.003871685155371519,0.0,0.0,0.0
0.982,0.0,0.0,0.0,0.0,0.0,0.0,0.0,0.0,0.0038681220370555686,0.0,0.0,0.0
0.984,0.0,0.0,0.0,0.0,0.0,0.0,0.0,0.0,0.003864352521861031,0.0,0.0,0.0
0.986,0.0,0.0,0.0,0.0,0.0,0.0,0.0,0.0,0.0038603777132957596,0.0,0.0,0.0
0.988,0.0,0.0,0.0,0.0,0.0,0.0,0.0,0.0,0.0038561987176796686,0.0,0.0,0.0
0.99,0.0,0.0,0.0,0.0,0.0,0.0,0.0,0.0,0.003851816644116693,0.0,0.0,0.0
0.992,0.0,0.0,0.0,0.0,0.0,0.0,0.0,0.0,0.0038472326044668255,0.0,0.0,0.0
0.994,0.0,0.0,0.0,0.0,0.0,0.0,0.0,0.0,0.003842447713318225,0.0,0.0,0.0
0.996,0.0,0.0,0.0,0.0,0.0,0.0,0.0,0.0,0.003837463087959394,0.0,0.0,0.0
0.998,0.0,0.0,0.0,0.0,0.0,0.0,0.0,0.0,0.003832279848351432,0.0,0.0,0.0
1.0,0.0,0.0,0.0,0.0,0.0,0.0,0.0,0.0,0.003826899117100365,0.0,0.0,0.0
1.002,0.0,0.0,0.0,0.0,0.0,0.0,0.0,0.0,0.0038213220194295446,0.0,0.0,0.0
1.004,0.0,0.0,0.0,0.0,0.0,0.0,0.0,0.0,0.0038155496831521352,0.0,0.0,0.0
1.006,0.0,0.0,0.0,0.0,0.0,0.0,0.0,0.0,0.003809583238643663,0.0,0.0,0.0
1.008,0.0,0.0,0.0,0.0,0.0,0.0,0.0,0.0,0.0038034238188146574,0.0,0.0,0.0
1.01,0.0,0.0,0.0,0.0,0.0,0.0,0.0,0.0,0.0037970725590833563,0.0,0.0,0.0
1.012,0.0,0.0,0.0,0.0,0.0,0.0,0.0,0.0,0.0037905305973485025,0.0,0.0,0.0
1.014,0.0,0.0,0.0,0.0,0.0,0.0,0.0,0.0,0.0037837990739622135,0.0,0.0,0.0
1.016,0.0,0.0,0.0,0.0,0.0,0.0,0.0,0.0,0.0037768791317029297,0.0,0.0,0.0
1.018,0.0,0.0,0.0,0.0,0.0,0.0,0.0,0.0,0.0037697719157484526,0.0,0.0,0.0
1.02,0.0,0.0,0.0,0.0,0.0,0.0,0.0,0.0,0.0037624785736490494,0.0,0.0,0.0
1.022,0.0,0.0,0.0,0.0,0.0,0.0,0.0,0.0,0.0037550002553006587,0.0,0.0,0.0
1.024,0.0,0.0,0.0,0.0,0.0,0.0,0.0,0.0,0.003747338112918165,0.0,0.0,0.0
1.026,0.0,0.0,0.0,0.0,0.0,0.0,0.0,0.0,0.0037394933010087674,0.0,0.0,0.0
1.028,0.0,0.0,0.0,0.0,0.0,0.0,0.0,0.0,0.0037314669763454204,0.0,0.0,0.0
1.03,0.0,0.0,0.0,0.0,0.0,0.0,0.0,0.0,0.0037232602979403685,0.0,0.0,0.0
1.032,0.0,0.0,0.0,0.0,0.0,0.0,0.0,0.0,0.0037148744270187667,0.0,0.0,0.0
1.034,0.0,0.0,0.0,0.0,0.0,0.0,0.0,0.0,0.00370631052699238,0.0,0.0,0.0
1.036,0.0,0.0,0.0,0.0,0.0,0.0,0.0,0.0,0.0036975697634333794,0.0,0.0,0.0
1.038,0.0,0.0,0.0,0.0,0.0,0.0,0.0,0.0,0.003688653304048219,0.0,0.0,0.0
1.04,0.0,0.0,0.0,0.0,0.0,0.0,0.0,0.0,0.003679562318651602,0.0,0.0,0.0
1.042,0.0,0.0,0.0,0.0,0.0,0.0,0.0,0.0,0.0036702979791405337,0.0,0.0,0.0
1.044,0.0,0.0,0.0,0.0,0.0,0.0,0.0,0.0,0.0036608614594684733,0.0,0.0,0.0
1.046,0.0,0.0,0.0,0.0,0.0,0.0,0.0,0.0,0.003651253935619551,0.0,0.0,0.0
1.048,0.0,0.0,0.0,0.0,0.0,0.0,0.0,0.0,0.0036414765855829097,0.0,0.0,0.0
1.05,0.0,0.0,0.0,0.0,0.0,0.0,0.0,0.0,0.003631530589327109,0.0,0.0,0.0
1.052,0.0,0.0,0.0,0.0,0.0,0.0,0.0,0.0,0.003621417128774639,0.0,0.0,0.0
1.054,0.0,0.0,0.0,0.0,0.0,0.0,0.0,0.0,0.003611137387776508,0.0,0.0,0.0
1.056,0.0,0.0,0.0,0.0,0.0,0.0,0.0,0.0,0.003600692552086938,0.0,0.0,0.0
1.058,0.0,0.0,0.0,0.0,0.0,0.0,0.0,0.0,0.0035900838093381525,0.0,0.0,0.0
1.06,0.0,0.0,0.0,0.0,0.0,0.0,0.0,0.0,0.0035793123490152406,0.0,0.0,0.0
1.062,0.0,0.0,0.0,0.0,0.0,0.0,0.0,0.0,0.003568379362431131,0.0,0.0,0.0
1.064,0.0,0.0,0.0,0.0,0.0,0.0,0.0,0.0,0.0035572860427016684,0.0,0.0,0.0
1.066,0.0,0.0,0.0,0.0,0.0,0.0,0.0,0.0,0.003546033584720758,0.0,0.0,0.0
1.068,0.0,0.0,0.0,0.0,0.0,0.0,0.0,0.0,0.003534623185135626,0.0,0.0,0.0
1.07,0.0,0.0,0.0,0.0,0.0,0.0,0.0,0.0,0.00352305604232217,0.0,0.0,0.0
1.072,0.0,0.0,0.0,0.0,0.0,0.0,0.0,0.0,0.003511333356360398,0.0,0.0,0.0
1.074,0.0,0.0,0.0,0.0,0.0,0.0,0.0,0.0,0.003499456329009979,0.0,0.0,0.0
1.076,0.0,0.0,0.0,0.0,0.0,0.0,0.0,0.0,0.0034874261636858774,0.0,0.0,0.0
1.078,0.0,0.0,0.0,0.0,0.0,0.0,0.0,0.0,0.0034752440654340923,0.0,0.0,0.0
1.08,0.0,0.0,0.0,0.0,0.0,0.0,0.0,0.0,0.0034629112409074914,0.0,0.0,0.0
1.082,0.0,0.0,0.0,0.0,0.0,0.0,0.0,0.0,0.0034504288983417462,0.0,0.0,0.0
1.084,0.0,0.0,0.0,0.0,0.0,0.0,0.0,0.0,0.003437798247531362,0.0,0.0,0.0
1.086,0.0,0.0,0.0,0.0,0.0,0.0,0.0,0.0,0.0034250204998058035,0.0,0.0,0.0
1.088,0.0,0.0,0.0,0.0,0.0,0.0,0.0,0.0,0.00341209686800573,0.0,0.0,0.0
1.09,0.0,0.0,0.0,0.0,0.0,0.0,0.0,0.0,0.003399028566459328,0.0,0.0,0.0
1.092,0.0,0.0,0.0,0.0,0.0,0.0,0.0,0.0,0.0033858168109587336,0.0,0.0,0.0
1.094,0.0,0.0,0.0,0.0,0.0,0.0,0.0,0.0,0.0033724628187365643,0.0,0.0,0.0
1.096,0.0,0.0,0.0,0.0,0.0,0.0,0.0,0.0,0.0033589678084425534,0.0,0.0,0.0
1.098,0.0,0.0,0.0,0.0,0.0,0.0,0.0,0.0,0.0033453330001202825,0.0,0.0,0.0
1.1,0.0,0.0,0.0,0.0,0.0,0.0,0.0,0.0,0.0033315596151840096,0.0,0.0,0.0
1.102,0.0,0.0,0.0,0.0,0.0,0.0,0.0,0.0,0.0033176488763956087,0.0,0.0,0.0
1.104,0.0,0.0,0.0,0.0,0.0,0.0,0.0,0.0,0.0033036020078416107,0.0,0.0,0.0
1.106,0.0,0.0,0.0,0.0,0.0,0.0,0.0,0.0,0.0032894202349103333,0.0,0.0,0.0
1.108,0.0,0.0,0.0,0.0,0.0,0.0,0.0,0.0,0.003275104784269131,0.0,0.0,0.0
1.11,0.0,0.0,0.0,0.0,0.0,0.0,0.0,0.0,0.00326065688384174,0.0,0.0,0.0
1.112,0.0,0.0,0.0,0.0,0.0,0.0,0.0,0.0,0.0032460777627857256,0.0,0.0,0.0
1.114,0.0,0.0,0.0,0.0,0.0,0.0,0.0,0.0,0.0032313686514700373,0.0,0.0,0.0
1.116,0.0,0.0,0.0,0.0,0.0,0.0,0.0,0.0,0.003216530781452661,0.0,0.0,0.0
1.118,0.0,0.0,0.0,0.0,0.0,0.0,0.0,0.0,0.0032015653854583783,0.0,0.0,0.0
1.12,0.0,0.0,0.0,0.0,0.0,0.0,0.0,0.0,0.0031864736973566407,0.0,0.0,0.0
1.122,0.0,0.0,0.0,0.0,0.0,0.0,0.0,0.0,0.003171256952139527,0.0,0.0,0.0
1.124,0.0,0.0,0.0,0.0,0.0,0.0,0.0,0.0,0.003155916385899821,0.0,0.0,0.0
1.126,0.0,0.0,0.0,0.0,0.0,0.0,0.0,0.0,0.0031404532358091913,0.0,0.0,0.0
1.128,0.0,0.0,0.0,0.0,0.0,0.0,0.0,0.0,0.003124868740096481,0.0,0.0,0.0
1.13,0.0,0.0,0.0,0.0,0.0,0.0,0.0,0.0,0.003109164138026086,0.0,0.0,0.0
1.132,0.0,0.0,0.0,0.0,0.0,0.0,0.0,0.0,0.0030933406698764655,0.0,0.0,0.0
1.134,0.0,0.0,0.0,0.0,0.0,0.0,0.0,0.0,0.0030773995769187244,0.0,0.0,0.0
1.136,0.0,0.0,0.0,0.0,0.0,0.0,0.0,0.0,0.003061342101395338,0.0,0.0,0.0
1.138,0.0,0.0,0.0,0.0,0.0,0.0,0.0,0.0,0.0030451694864989613,0.0,0.0,0.0
1.14,0.0,0.0,0.0,0.0,0.0,0.0,0.0,0.0,0.003028882976351337,0.0,0.0,0.0
1.142,0.0,0.0,0.0,0.0,0.0,0.0,0.0,0.0,0.003012483815982335,0.0,0.0,0.0
1.144,0.0,0.0,0.0,0.0,0.0,0.0,0.0,0.0,0.002995973251309076,0.0,0.0,0.0
1.146,0.0,0.0,0.0,0.0,0.0,0.0,0.0,0.0,0.0029793525291151733,0.0,0.0,0.0
1.148,0.0,0.0,0.0,0.0,0.0,0.0,0.0,0.0,0.0029626228970300924,0.0,0.0,0.0
1.15,0.0,0.0,0.0,0.0,0.0,0.0,0.0,0.0,0.0029457856035085914,0.0,0.0,0.0
1.152,0.0,0.0,0.0,0.0,0.0,0.0,0.0,0.0,0.0029288418978102825,0.0,0.0,0.0
1.154,0.0,0.0,0.0,0.0,0.0,0.0,0.0,0.0,0.0029117930299793014,0.0,0.0,0.0
1.156,0.0,0.0,0.0,0.0,0.0,0.0,0.0,0.0,0.0028946402508240937,0.0,0.0,0.0
1.158,0.0,0.0,0.0,0.0,0.0,0.0,0.0,0.0,0.0028773848118972866,0.0,0.0,0.0
1.16,0.0,0.0,0.0,0.0,0.0,0.0,0.0,0.0,0.0028600279654756866,0.0,0.0,0.0
1.162,0.0,0.0,0.0,0.0,0.0,0.0,0.0,0.0,0.002842570964540377,0.0,0.0,0.0
1.164,0.0,0.0,0.0,0.0,0.0,0.0,0.0,0.0,0.002825015062756927,0.0,0.0,0.0
1.166,0.0,0.0,0.0,0.0,0.0,0.0,0.0,0.0,0.0028073615144557007,0.0,0.0,0.0
1.168,0.0,0.0,0.0,0.0,0.0,0.0,0.0,0.0,0.0027896115746122887,0.0,0.0,0.0
1.17,0.0,0.0,0.0,0.0,0.0,0.0,0.0,0.0,0.0027717664988280337,0.0,0.0,0.0
1.172,0.0,0.0,0.0,0.0,0.0,0.0,0.0,0.0,0.002753827543310674,0.0,0.0,0.0
1.174,0.0,0.0,0.0,0.0,0.0,0.0,0.0,0.0,0.002735795964855088,0.0,0.0,0.0
1.176,0.0,0.0,0.0,0.0,0.0,0.0,0.0,0.0,0.0027176730208241496,0.0,0.0,0.0
1.178,0.0,0.0,0.0,0.0,0.0,0.0,0.0,0.0,0.002699459969129694,0.0,0.0,0.0
1.18,0.0,0.0,0.0,0.0,0.0,0.0,0.0,0.0,0.002681158068213584,0.0,0.0,0.0
1.182,0.0,0.0,0.0,0.0,0.0,0.0,0.0,0.0,0.002662768577028904,0.0,0.0,0.0
1.184,0.0,0.0,0.0,0.0,0.0,0.0,0.0,0.0,0.0026442927550212394,0.0,0.0,0.0
1.186,0.0,0.0,0.0,0.0,0.0,0.0,0.0,0.0,0.0026257318621100718,0.0,0.0,0.0
1.188,0.0,0.0,0.0,0.0,0.0,0.0,0.0,0.0,0.0026070871586702927,0.0,0.0,0.0
1.19,0.0,0.0,0.0,0.0,0.0,0.0,0.0,0.0,0.002588359905513815,0.0,0.0,0.0
1.192,0.0,0.0,0.0,0.0,0.0,0.0,0.0,0.0,0.002569551363871298,0.0,0.0,0.0
1.194,0.0,0.0,0.0,0.0,0.0,0.0,0.0,0.0,0.0025506627953739663,0.0,0.0,0.0
1.196,0.0,0.0,0.0,0.0,0.0,0.0,0.0,0.0,0.0025316954620355605,0.0,0.0,0.0
1.198,0.0,0.0,0.0,0.0,0.0,0.0,0.0,0.0,0.002512650626234386,0.0,0.0,0.0
1.2,0.0,0.0,0.0,0.0,0.0,0.0,0.0,0.0,0.0024935295506954636,0.0,0.0,0.0
1.202,0.0,0.0,0.0,0.0,0.0,0.0,0.0,0.0,0.0024743334984727978,0.0,0.0,0.0
1.204,0.0,0.0,0.0,0.0,0.0,0.0,0.0,0.0,0.0024550637329317435,0.0,0.0,0.0
1.206,0.0,0.0,0.0,0.0,0.0,0.0,0.0,0.0,0.002435721517731482,0.0,0.0,0.0
1.208,0.0,0.0,0.0,0.0,0.0,0.0,0.0,0.0,0.002416308116807625,0.0,0.0,0.0
1.21,0.0,0.0,0.0,0.0,0.0,0.0,0.0,0.0,0.0023968247943548953,0.0,0.0,0.0
1.212,0.0,0.0,0.0,0.0,0.0,0.0,0.0,0.0,0.002377272814809937,0.0,0.0,0.0
1.214,0.0,0.0,0.0,0.0,0.0,0.0,0.0,0.0,0.00235765344283423,0.0,0.0,0.0
1.216,0.0,0.0,0.0,0.0,0.0,0.0,0.0,0.0,0.002337967943297106,0.0,0.0,0.0
1.218,0.0,0.0,0.0,0.0,0.0,0.0,0.0,0.0,0.002318217581258879,0.0,0.0,0.0
1.22,0.0,0.0,0.0,0.0,0.0,0.0,0.0,0.0,0.0022984036219540773,0.0,0.0,0.0
1.222,0.0,0.0,0.0,0.0,0.0,0.0,0.0,0.0,0.002278527330774784,0.0,0.0,0.0
1.224,0.0,0.0,0.0,0.0,0.0,0.0,0.0,0.0,0.002258589973254089,0.0,0.0,0.0
1.226,0.0,0.0,0.0,0.0,0.0,0.0,0.0,0.0,0.0022385928150496512,0.0,0.0,0.0
1.228,0.0,0.0,0.0,0.0,0.0,0.0,0.0,0.0,0.002218537121927356,0.0,0.0,0.0
1.23,0.0,0.0,0.0,0.0,0.0,0.0,0.0,0.0,0.0021984241597450883,0.0,0.0,0.0
1.232,0.0,0.0,0.0,0.0,0.0,0.0,0.0,0.0,0.0021782551944366053,0.0,0.0,0.0
1.234,0.0,0.0,0.0,0.0,0.0,0.0,0.0,0.0,0.0021580314919955306,0.0,0.0,0.0
1.236,0.0,0.0,0.0,0.0,0.0,0.0,0.0,0.0,0.002137754318459434,0.0,0.0,0.0
1.238,0.0,0.0,0.0,0.0,0.0,0.0,0.0,0.0,0.0021174249398940364,0.0,0.0,0.0
1.24,0.0,0.0,0.0,0.0,0.0,0.0,0.0,0.0,0.0020970446223775173,0.0,0.0,0.0
1.242,0.0,0.0,0.0,0.0,0.0,0.0,0.0,0.0,0.0020766146319849167,0.0,0.0,0.0
1.244,0.0,0.0,0.0,0.0,0.0,0.0,0.0,0.0,0.0020561362347726576,0.0,0.0,0.0
1.246,0.0,0.0,0.0,0.0,0.0,0.0,0.0,0.0,0.0020356106967631587,0.0,0.0,0.0
1.248,0.0,0.0,0.0,0.0,0.0,0.0,0.0,0.0,0.002015039283929568,0.0,0.0,0.0
1.25,0.0,0.0,0.0,0.0,0.0,0.0,0.0,0.0,0.001994423262180596,0.0,0.0,0.0
1.252,0.0,0.0,0.0,0.0,0.0,0.0,0.0,0.0,0.0019737638973454487,0.0,0.0,0.0
1.254,0.0,0.0,0.0,0.0,0.0,0.0,0.0,0.0,0.0019530624551588709,0.0,0.0,0.0
1.256,0.0,0.0,0.0,0.0,0.0,0.0,0.0,0.0,0.0019323202012463026,0.0,0.0,0.0
1.258,0.0,0.0,0.0,0.0,0.0,0.0,0.0,0.0,0.001911538401109122,0.0,0.0,0.0
1.26,0.0,0.0,0.0,0.0,0.0,0.0,0.0,0.0,0.0018907183201100027,0.0,0.0,0.0
1.262,0.0,0.0,0.0,0.0,0.0,0.0,0.0,0.0,0.0018698612234583842,0.0,0.0,0.0
1.264,0.0,0.0,0.0,0.0,0.0,0.0,0.0,0.0,0.001848968376196027,0.0,0.0,0.0
1.266,0.0,0.0,0.0,0.0,0.0,0.0,0.0,0.0,0.001828041043182679,0.0,0.0,0.0
1.268,0.0,0.0,0.0,0.0,0.0,0.0,0.0,0.0,0.0018070804890818605,0.0,0.0,0.0
1.27,0.0,0.0,0.0,0.0,0.0,0.0,0.0,0.0,0.0017860879783467305,0.0,0.0,0.0
1.272,0.0,0.0,0.0,0.0,0.0,0.0,0.0,0.0,0.001765064775206067,0.0,0.0,0.0
1.274,0.0,0.0,0.0,0.0,0.0,0.0,0.0,0.0,0.0017440121436503473,0.0,0.0,0.0
1.276,0.0,0.0,0.0,0.0,0.0,0.0,0.0,0.0,0.001722931347417937,0.0,0.0,0.0
1.278,0.0,0.0,0.0,0.0,0.0,0.0,0.0,0.0,0.0017018236499813694,0.0,0.0,0.0
1.28,0.0,0.0,0.0,0.0,0.0,0.0,0.0,0.0,0.0016806903145337418,0.0,0.0,0.0
1.282,0.0,0.0,0.0,0.0,0.0,0.0,0.0,0.0,0.0016595326039752015,0.0,0.0,0.0
1.284,0.0,0.0,0.0,0.0,0.0,0.0,0.0,0.0,0.001638351780899541,0.0,0.0,0.0
1.286,0.0,0.0,0.0,0.0,0.0,0.0,0.0,0.0,0.001617149107580893,0.0,0.0,0.0
1.288,0.0,0.0,0.0,0.0,0.0,0.0,0.0,0.0,0.0015959258459605189,0.0,0.0,0.0
1.29,0.0,0.0,0.0,0.0,0.0,0.0,0.0,0.0,0.0015746832576337025,0.0,0.0,0.0
1.292,0.0,0.0,0.0,0.0,0.0,0.0,0.0,0.0,0.0015534226038367558,0.0,0.0,0.0
1.294,0.0,0.0,0.0,0.0,0.0,0.0,0.0,0.0,0.0015321451454341087,0.0,0.0,0.0
1.296,0.0,0.0,0.0,0.0,0.0,0.0,0.0,0.0,0.0015108521429055056,0.0,0.0,0.0
1.298,0.0,0.0,0.0,0.0,0.0,0.0,0.0,0.0,0.0014895448563333013,0.0,0.0,0.0
1.3,0.0,0.0,0.0,0.0,0.0,0.0,0.0,0.0,0.0014682245453898585,0.0,0.0,0.0
1.302,0.0,0.0,0.0,0.0,0.0,0.0,0.0,0.0,0.0014468924693250332,0.0,0.0,0.0
1.304,0.0,0.0,0.0,0.0,0.0,0.0,0.0,0.0,0.0014255498869537773,0.0,0.0,0.0
1.306,0.0,0.0,0.0,0.0,0.0,0.0,0.0,0.0,0.0014041980566438304,0.0,0.0,0.0
1.308,0.0,0.0,0.0,0.0,0.0,0.0,0.0,0.0,0.0013828382363034971,0.0,0.0,0.0
1.31,0.0,0.0,0.0,0.0,0.0,0.0,0.0,0.0,0.0013614716833695454,0.0,0.0,0.0
1.312,0.0,0.0,0.0,0.0,0.0,0.0,0.0,0.0,0.0013400996547951868,0.0,0.0,0.0
1.314,0.0,0.0,0.0,0.0,0.0,0.0,0.0,0.0,0.0013187234070381575,0.0,0.0,0.0
1.316,0.0,0.0,0.0,0.0,0.0,0.0,0.0,0.0,0.0012973441960488982,0.0,0.0,0.0
1.318,0.0,0.0,0.0,0.0,0.0,0.0,0.0,0.0,0.001275963277258831,0.0,0.0,0.0
1.32,0.0,0.0,0.0,0.0,0.0,0.0,0.0,0.0,0.0012545819055687297,0.0,0.0,0.0
1.322,0.0,0.0,0.0,0.0,0.0,0.0,0.0,0.0,0.0012332013353371796,0.0,0.0,0.0
1.324,0.0,0.0,0.0,0.0,0.0,0.0,0.0,0.0,0.0012118228203691528,0.0,0.0,0.0
1.326,0.0,0.0,0.0,0.0,0.0,0.0,0.0,0.0,0.0011904476139046544,0.0,0.0,0.0
1.328,0.0,0.0,0.0,0.0,0.0,0.0,0.0,0.0,0.001169076968607483,0.0,0.0,0.0
1.33,0.0,0.0,0.0,0.0,0.0,0.0,0.0,0.0,0.001147712136554071,0.0,0.0,0.0
1.332,0.0,0.0,0.0,0.0,0.0,0.0,0.0,0.0,0.0011263543692224308,0.0,0.0,0.0
1.334,0.0,0.0,0.0,0.0,0.0,0.0,0.0,0.0,0.001105004917481187,0.0,0.0,0.0
1.336,0.0,0.0,0.0,0.0,0.0,0.0,0.0,0.0,0.0010836650315787042,0.0,0.0,0.0
1.338,0.0,0.0,0.0,0.0,0.0,0.0,0.0,0.0,0.0010623359611323154,0.0,0.0,0.0
1.34,0.0,0.0,0.0,0.0,0.0,0.0,0.0,0.0,0.001041018955117625,0.0,0.0,0.0
1.342,0.0,0.0,0.0,0.0,0.0,0.0,0.0,0.0,0.0010197152618579195,0.0,0.0,0.0
1.344,0.0,0.0,0.0,0.0,0.0,0.0,0.0,0.0,0.000998426129013662,0.0,0.0,0.0
1.346,0.0,0.0,0.0,0.0,0.0,0.0,0.0,0.0,0.0009771528035720858,0.0,0.0,0.0
1.348,0.0,0.0,0.0,0.0,0.0,0.0,0.0,0.0,0.0009558965318368752,0.0,0.0,0.0
1.35,0.0,0.0,0.0,0.0,0.0,0.0,0.0,0.0,0.0009346585594179379,0.0,0.0,0.0
1.352,0.0,0.0,0.0,0.0,0.0,0.0,0.0,0.0,0.0009134401312212597,0.0,0.0,0.0
1.354,0.0,0.0,0.0,0.0,0.0,0.0,0.0,0.0,0.0008922424914388637,0.0,0.0,0.0
1.356,0.0,0.0,0.0,0.0,0.0,0.0,0.0,0.0,0.0008710668835388512,0.0,0.0,0.0
1.358,0.0,0.0,0.0,0.0,0.0,0.0,0.0,0.0,0.0008499145502555289,0.0,0.0,0.0
1.36,0.0,0.0,0.0,0.0,0.0,0.0,0.0,0.0,0.0008287867335796265,0.0,0.0,0.0
1.362,0.0,0.0,0.0,0.0,0.0,0.0,0.0,0.0,0.0008076846747486063,0.0,0.0,0.0
1.364,0.0,0.0,0.0,0.0,0.0,0.0,0.0,0.0,0.0007866096142370642,0.0,0.0,0.0
1.366,0.0,0.0,0.0,0.0,0.0,0.0,0.0,0.0,0.0007655627917472047,0.0,0.0,0.0
1.368,0.0,0.0,0.0,0.0,0.0,0.0,0.0,0.0,0.0007445454461994161,0.0,0.0,0.0
1.37,0.0,0.0,0.0,0.0,0.0,0.0,0.0,0.0,0.0007235588157229293,0.0,0.0,0.0
1.372,0.0,0.0,0.0,0.0,0.0,0.0,0.0,0.0,0.0007026041376465585,0.0,0.0,0.0
1.374,0.0,0.0,0.0,0.0,0.0,0.0,0.0,0.0,0.0006816826484895362,0.0,0.0,0.0
1.376,0.0,0.0,0.0,0.0,0.0,0.0,0.0,0.0,0.0006607955839524234,0.0,0.0,0.0
1.378,0.0,0.0,0.0,0.0,0.0,0.0,0.0,0.0,0.0006399441789081053,0.0,0.0,0.0
1.38,0.0,0.0,0.0,0.0,0.0,0.0,0.0,0.0,0.0006191296673928879,0.0,0.0,0.0
1.382,0.0,0.0,0.0,0.0,0.0,0.0,0.0,0.0,0.0005983532825976634,0.0,0.0,0.0
1.384,0.0,0.0,0.0,0.0,0.0,0.0,0.0,0.0,0.0005776162568591594,0.0,0.0,0.0
1.386,0.0,0.0,0.0,0.0,0.0,0.0,0.0,0.0,0.0005569198216512786,0.0,0.0,0.0
1.388,0.0,0.0,0.0,0.0,0.0,0.0,0.0,0.0,0.0005362652075765187,0.0,0.0,0.0
1.39,0.0,0.0,0.0,0.0,0.0,0.0,0.0,0.0,0.0005156536443574771,0.0,0.0,0.0
1.392,0.0,0.0,0.0,0.0,0.0,0.0,0.0,0.0,0.0004950863608284327,0.0,0.0,0.0
1.394,0.0,0.0,0.0,0.0,0.0,0.0,0.0,0.0,0.00047456458492701765,0.0,0.0,0.0
1.396,0.0,0.0,0.0,0.0,0.0,0.0,0.0,0.0,0.0004540895436859634,0.0,0.0,0.0
1.398,0.0,0.0,0.0,0.0,0.0,0.0,0.0,0.0,0.00043366246322492025,0.0,0.0,0.0
1.4,0.0,0.0,0.0,0.0,0.0,0.0,0.0,0.0,0.0004132845687423773,0.0,0.0,0.0
1.402,0.0,0.0,0.0,0.0,0.0,0.0,0.0,0.0,0.00039295708450764674,0.0,0.0,0.0
1.404,0.0,0.0,0.0,0.0,0.0,0.0,0.0,0.0,0.0003726812338529354,0.0,0.0,0.0
1.406,0.0,0.0,0.0,0.0,0.0,0.0,0.0,0.0,0.00035245823916548943,0.0,0.0,0.0
1.408,0.0,0.0,0.0,0.0,0.0,0.0,0.0,0.0,0.0003322893218798244,0.0,0.0,0.0
1.41,0.0,0.0,0.0,0.0,0.0,0.0,0.0,0.0,0.00031217570247002923,0.0,0.0,0.0
1.412,0.0,0.0,0.0,0.0,0.0,0.0,0.0,0.0,0.0002921186004421457,0.0,0.0,0.0
1.414,0.0,0.0,0.0,0.0,0.0,0.0,0.0,0.0,0.00027211923432663527,0.0,0.0,0.0
1.416,0.0,0.0,0.0,0.0,0.0,0.0,0.0,0.0,0.00025217882167090583,0.0,0.0,0.0
1.418,0.0,0.0,0.0,0.0,0.0,0.0,0.0,0.0,0.00023229857903193322,0.0,0.0,0.0
1.42,0.0,0.0,0.0,0.0,0.0,0.0,0.0,0.0,0.00021247972196894926,0.0,0.0,0.0
1.422,0.0,0.0,0.0,0.0,0.0,0.0,0.0,0.0,0.0001927234650362041,0.0,0.0,0.0
1.424,0.0,0.0,0.0,0.0,0.0,0.0,0.0,0.0,0.00017303102177581393,0.0,0.0,0.0
1.426,0.0,0.0,0.0,0.0,0.0,0.0,0.0,0.0,0.00015340360471066336,0.0,0.0,0.0
1.428,0.0,0.0,0.0,0.0,0.0,0.0,0.0,0.0,0.00013384242533739975,0.0,0.0,0.0
1.43,0.0,0.0,0.0,0.0,0.0,0.0,0.0,0.0,0.00011434869411949995,0.0,0.0,0.0
1.432,0.0,0.0,0.0,0.0,0.0,0.0,0.0,0.0,9.492362048040296e-05,0.0,0.0,0.0
1.434,0.0,0.0,0.0,0.0,0.0,0.0,0.0,0.0,7.556841279671893e-05,0.0,0.0,0.0
1.436,0.0,0.0,0.0,0.0,0.0,0.0,0.0,0.0,5.6284278391512295e-05,0.0,0.0,0.0
1.438,0.0,0.0,0.0,0.0,0.0,0.0,0.0,0.0,3.7072423527653026e-05,0.0,0.0,0.0
1.44,0.0,0.0,0.0,0.0,0.0,0.0,0.0,0.0,1.7934053401238558e-05,0.0,0.0,0.0
1.442,0.0,0.0,0.0,0.0,0.0,0.0,0.0,0.0,-1.129627864907088e-06,0.0,0.0,0.0
1.444,0.0,0.0,0.0,0.0,0.0,0.0,0.0,0.0,-2.011741722767477e-05,0.0,0.0,0.0
1.446,0.0,0.0,0.0,0.0,0.0,0.0,0.0,0.0,-3.902811273002148e-05,0.0,0.0,0.0
1.448,0.0,0.0,0.0,0.0,0.0,0.0,0.0,0.0,-5.786051350726651e-05,0.0,0.0,0.0
1.45,0.0,0.0,0.0,0.0,0.0,0.0,0.0,0.0,-7.661341979332608e-05,0.0,0.0,0.0
1.452,0.0,0.0,0.0,0.0,0.0,0.0,0.0,0.0,-9.52856329268629e-05,0.0,0.0,0.0
1.454,0.0,0.0,0.0,0.0,0.0,0.0,0.0,0.0,-0.00011387595535738201,0.0,0.0,0.0
1.456,0.0,0.0,0.0,0.0,0.0,0.0,0.0,0.0,-0.00013238319065124286,0.0,0.0,0.0
1.458,0.0,0.0,0.0,0.0,0.0,0.0,0.0,0.0,-0.0001508061434976134,0.0,0.0,0.0
1.46,0.0,0.0,0.0,0.0,0.0,0.0,0.0,0.0,-0.00016914361971435716,0.0,0.0,0.0
1.462,0.0,0.0,0.0,0.0,0.0,0.0,0.0,0.0,-0.00018739442625385298,0.0,0.0,0.0
1.464,0.0,0.0,0.0,0.0,0.0,0.0,0.0,0.0,-0.0002055573712087498,0.0,0.0,0.0
1.466,0.0,0.0,0.0,0.0,0.0,0.0,0.0,0.0,-0.00022363126381766039,0.0,0.0,0.0
1.468,0.0,0.0,0.0,0.0,0.0,0.0,0.0,0.0,-0.00024161491447077885,0.0,0.0,0.0
1.47,0.0,0.0,0.0,0.0,0.0,0.0,0.0,0.0,-0.00025950713471543886,0.0,0.0,0.0
1.472,0.0,0.0,0.0,0.0,0.0,0.0,0.0,0.0,-0.00027730673726161,0.0,0.0,0.0
1.474,0.0,0.0,0.0,0.0,0.0,0.0,0.0,0.0,-0.00029501253598733057,0.0,0.0,0.0
1.476,0.0,0.0,0.0,0.0,0.0,0.0,0.0,0.0,-0.0003126233459440739,0.0,0.0,0.0
1.478,0.0,0.0,0.0,0.0,0.0,0.0,0.0,0.0,-0.00033013798336206223,0.0,0.0,0.0
1.48,0.0,0.0,0.0,0.0,0.0,0.0,0.0,0.0,-0.00034755526565549764,0.0,0.0,0.0
1.482,0.0,0.0,0.0,0.0,0.0,0.0,0.0,0.0,-0.0003648740114277475,0.0,0.0,0.0
1.484,0.0,0.0,0.0,0.0,0.0,0.0,0.0,0.0,-0.0003820930404764692,0.0,0.0,0.0
1.486,0.0,0.0,0.0,0.0,0.0,0.0,0.0,0.0,-0.0003992111737986675,0.0,0.0,0.0
1.488,0.0,0.0,0.0,0.0,0.0,0.0,0.0,0.0,-0.0004162272335957013,0.0,0.0,0.0
1.49,0.0,0.0,0.0,0.0,0.0,0.0,0.0,0.0,-0.00043314004327820897,0.0,0.0,0.0
1.492,0.0,0.0,0.0,0.0,0.0,0.0,0.0,0.0,-0.00044994842747099776,0.0,0.0,0.0
1.494,0.0,0.0,0.0,0.0,0.0,0.0,0.0,0.0,-0.0004666512120178614,0.0,0.0,0.0
1.496,0.0,0.0,0.0,0.0,0.0,0.0,0.0,0.0,-0.0004832472239863423,0.0,0.0,0.0
1.498,0.0,0.0,0.0,0.0,0.0,0.0,0.0,0.0,-0.0004997352916724439,0.0,0.0,0.0
1.5,0.0,0.0,0.0,0.0,0.0,0.0,0.0,0.0,-0.0005161142446052686,0.0,0.0,0.0
1.502,0.0,0.0,0.0,0.0,0.0,0.0,0.0,0.0,-0.0005323829135516133,0.0,0.0,0.0
1.504,0.0,0.0,0.0,0.0,0.0,0.0,0.0,0.0,-0.0005485401305204958,0.0,0.0,0.0
1.506,0.0,0.0,0.0,0.0,0.0,0.0,0.0,0.0,-0.0005645847287676406,0.0,0.0,0.0
1.508,0.0,0.0,0.0,0.0,0.0,0.0,0.0,0.0,-0.0005805155427998957,0.0,0.0,0.0
1.51,0.0,0.0,0.0,0.0,0.0,0.0,0.0,0.0,-0.0005963314083796,0.0,0.0,0.0
1.512,0.0,0.0,0.0,0.0,0.0,0.0,0.0,0.0,-0.0006120311625288934,0.0,0.0,0.0
1.514,0.0,0.0,0.0,0.0,0.0,0.0,0.0,0.0,-0.0006276136435339765,0.0,0.0,0.0
1.516,0.0,0.0,0.0,0.0,0.0,0.0,0.0,0.0,-0.0006430776909493125,0.0,0.0,0.0
1.518,0.0,0.0,0.0,0.0,0.0,0.0,0.0,0.0,-0.0006584221456017768,0.0,0.0,0.0
1.52,0.0,0.0,0.0,0.0,0.0,0.0,0.0,0.0,-0.0006736458495947527,0.0,0.0,0.0
1.522,0.0,0.0,0.0,0.0,0.0,0.0,0.0,0.0,-0.0006887476463121752,0.0,0.0,0.0
1.524,0.0,0.0,0.0,0.0,0.0,0.0,0.0,0.0,-0.0007037263804225249,0.0,0.0,0.0
1.526,0.0,0.0,0.0,0.0,0.0,0.0,0.0,0.0,-0.0007185808978827685,0.0,0.0,0.0
1.528,0.0,0.0,0.0,0.0,0.0,0.0,0.0,0.0,-0.0007333100459422451,0.0,0.0,0.0
1.53,0.0,0.0,0.0,0.0,0.0,0.0,0.0,0.0,-0.0007479126731465065,0.0,0.0,0.0
1.532,0.0,0.0,0.0,0.0,0.0,0.0,0.0,0.0,-0.0007623876293411077,0.0,0.0,0.0
1.534,0.0,0.0,0.0,0.0,0.0,0.0,0.0,0.0,-0.0007767337656753429,0.0,0.0,0.0
1.536,0.0,0.0,0.0,0.0,0.0,0.0,0.0,0.0,-0.0007909499346059356,0.0,0.0,0.0
1.538,0.0,0.0,0.0,0.0,0.0,0.0,0.0,0.0,-0.0008050349899006812,0.0,0.0,0.0
1.54,0.0,0.0,0.0,0.0,0.0,0.0,0.0,0.0,-0.0008189877866420334,0.0,0.0,0.0
1.542,0.0,0.0,0.0,0.0,0.0,0.0,0.0,0.0,-0.0008328071812306486,0.0,0.0,0.0
1.544,0.0,0.0,0.0,0.0,0.0,0.0,0.0,0.0,-0.0008464920313888873,0.0,0.0,0.0
1.546,0.0,0.0,0.0,0.0,0.0,0.0,0.0,0.0,-0.0008600411961642556,0.0,0.0,0.0
1.548,0.0,0.0,0.0,0.0,0.0,0.0,0.0,0.0,-0.0008734535359328076,0.0,0.0,0.0
1.55,0.0,0.0,0.0,0.0,0.0,0.0,0.0,0.0,-0.0008867279124025087,0.0,0.0,0.0
1.552,0.0,0.0,0.0,0.0,0.0,0.0,0.0,0.0,-0.0008998631886165394,0.0,0.0,0.0
1.554,0.0,0.0,0.0,0.0,0.0,0.0,0.0,0.0,-0.0009128582289565576,0.0,0.0,0.0
1.556,0.0,0.0,0.0,0.0,0.0,0.0,0.0,0.0,-0.0009257118991459262,0.0,0.0,0.0
1.558,0.0,0.0,0.0,0.0,0.0,0.0,0.0,0.0,-0.0009384230662528789,0.0,0.0,0.0
1.56,0.0,0.0,0.0,0.0,0.0,0.0,0.0,0.0,-0.0009509905986936581,0.0,0.0,0.0
1.562,0.0,0.0,0.0,0.0,0.0,0.0,0.0,0.0,-0.0009634133662355985,0.0,0.0,0.0
1.564,0.0,0.0,0.0,0.0,0.0,0.0,0.0,0.0,-0.0009756902400001682,0.0,0.0,0.0
1.566,0.0,0.0,0.0,0.0,0.0,0.0,0.0,0.0,-0.0009878200924659762,0.0,0.0,0.0
1.568,0.0,0.0,0.0,0.0,0.0,0.0,0.0,0.0,-0.0009998017974717254,0.0,0.0,0.0
1.57,0.0,0.0,0.0,0.0,0.0,0.0,0.0,0.0,-0.001011634230219129,0.0,0.0,0.0
1.572,0.0,0.0,0.0,0.0,0.0,0.0,0.0,0.0,-0.0010233162672757866,0.0,0.0,0.0
1.574,0.0,0.0,0.0,0.0,0.0,0.0,0.0,0.0,-0.0010348467865780168,0.0,0.0,0.0
1.576,0.0,0.0,0.0,0.0,0.0,0.0,0.0,0.0,-0.0010462246674336525,0.0,0.0,0.0
1.578,0.0,0.0,0.0,0.0,0.0,0.0,0.0,0.0,-0.0010574487905247942,0.0,0.0,0.0
1.58,0.0,0.0,0.0,0.0,0.0,0.0,0.0,0.0,-0.0010685180379105172,0.0,0.0,0.0
1.582,0.0,0.0,0.0,0.0,0.0,0.0,0.0,0.0,-0.0010794312930295514,0.0,0.0,0.0
1.584,0.0,0.0,0.0,0.0,0.0,0.0,0.0,0.0,-0.001090187440702907,0.0,0.0,0.0
1.586,0.0,0.0,0.0,0.0,0.0,0.0,0.0,0.0,-0.001100785367136476,0.0,0.0,0.0
1.588,0.0,0.0,0.0,0.0,0.0,0.0,0.0,0.0,-0.0011112239599235867,0.0,0.0,0.0
1.59,0.0,0.0,0.0,0.0,0.0,0.0,0.0,0.0,-0.0011215021080475211,0.0,0.0,0.0
1.592,0.0,0.0,0.0,0.0,0.0,0.0,0.0,0.0,-0.0011316187018840023,0.0,0.0,0.0
1.594,0.0,0.0,0.0,0.0,0.0,0.0,0.0,0.0,-0.0011415726332036336,0.0,0.0,0.0
1.596,0.0,0.0,0.0,0.0,0.0,0.0,0.0,0.0,-0.0011513627951743068,0.0,0.0,0.0
1.598,0.0,0.0,0.0,0.0,0.0,0.0,0.0,0.0,-0.0011609880823635762,0.0,0.0,0.0
1.6,0.0,0.0,0.0,0.0,0.0,0.0,0.0,0.0,-0.0011704473907409912,0.0,0.0,0.0
1.602,0.0,0.0,0.0,0.0,0.0,0.0,0.0,0.0,-0.0011797396176803998,0.0,0.0,0.0
1.604,0.0,0.0,0.0,0.0,0.0,0.0,0.0,0.0,-0.001188863661962213,0.0,0.0,0.0
1.606,0.0,0.0,0.0,0.0,0.0,0.0,0.0,0.0,-0.0011978184237756346,0.0,0.0,0.0
1.608,0.0,0.0,0.0,0.0,0.0,0.0,0.0,0.0,-0.0012066028047208542,0.0,0.0,0.0
1.61,0.0,0.0,0.0,0.0,0.0,0.0,0.0,0.0,-0.0012152157078112122,0.0,0.0,0.0
1.612,0.0,0.0,0.0,0.0,0.0,0.0,0.0,0.0,-0.0012236560374753276,0.0,0.0,0.0
1.614,0.0,0.0,0.0,0.0,0.0,0.0,0.0,0.0,-0.0012319226995591874,0.0,0.0,0.0
1.616,0.0,0.0,0.0,0.0,0.0,0.0,0.0,0.0,-0.0012400146013282108,0.0,0.0,0.0
1.618,0.0,0.0,0.0,0.0,0.0,0.0,0.0,0.0,-0.0012479306514692808,0.0,0.0,0.0
1.62,0.0,0.0,0.0,0.0,0.0,0.0,0.0,0.0,-0.0012556697600927449,0.0,0.0,0.0
1.622,0.0,0.0,0.0,0.0,0.0,0.0,0.0,0.0,-0.0012632308387343736,0.0,0.0,0.0
1.624,0.0,0.0,0.0,0.0,0.0,0.0,0.0,0.0,-0.0012706128003573051,0.0,0.0,0.0
1.626,0.0,0.0,0.0,0.0,0.0,0.0,0.0,0.0,-0.0012778145593539518,0.0,0.0,0.0
1.628,0.0,0.0,0.0,0.0,0.0,0.0,0.0,0.0,-0.001284835031547877,0.0,0.0,0.0
1.63,0.0,0.0,0.0,0.0,0.0,0.0,0.0,0.0,-0.0012916731341956348,0.0,0.0,0.0
1.632,0.0,0.0,0.0,0.0,0.0,0.0,0.0,0.0,-0.001298327785988587,0.0,0.0,0.0
1.634,0.0,0.0,0.0,0.0,0.0,0.0,0.0,0.0,-0.0013047979070546839,0.0,0.0,0.0
1.636,0.0,0.0,0.0,0.0,0.0,0.0,0.0,0.0,-0.0013110824189602084,0.0,0.0,0.0
1.638,0.0,0.0,0.0,0.0,0.0,0.0,0.0,0.0,-0.001317180244711495,0.0,0.0,0.0
1.64,0.0,0.0,0.0,0.0,0.0,0.0,0.0,0.0,-0.0013230903087566147,0.0,0.0,0.0
1.642,0.0,0.0,0.0,0.0,0.0,0.0,0.0,0.0,-0.001328811536987038,0.0,0.0,0.0
1.644,0.0,0.0,0.0,0.0,0.0,0.0,0.0,0.0,-0.0013343428567392716,0.0,0.0,0.0
1.646,0.0,0.0,0.0,0.0,0.0,0.0,0.0,0.0,-0.0013396831967964784,0.0,0.0,0.0
1.648,0.0,0.0,0.0,0.0,0.0,0.0,0.0,0.0,-0.0013448314873900794,0.0,0.0,0.0
1.65,0.0,0.0,0.0,0.0,0.0,0.0,0.0,0.0,-0.0013497866602013395,0.0,0.0,0.0
1.652,0.0,0.0,0.0,0.0,0.0,0.0,0.0,0.0,-0.0013545476483629358,0.0,0.0,0.0
1.654,0.0,0.0,0.0,0.0,0.0,0.0,0.0,0.0,-0.0013591133864604991,0.0,0.0,0.0
1.656,0.0,0.0,0.0,0.0,0.0,0.0,0.0,0.0,-0.0013634828105341175,0.0,0.0,0.0
1.658,0.0,0.0,0.0,0.0,0.0,0.0,0.0,0.0,-0.001367654858079802,0.0,0.0,0.0
1.66,0.0,0.0,0.0,0.0,0.0,0.0,0.0,0.0,-0.0013716284680508873,0.0,0.0,0.0
1.662,0.0,0.0,0.0,0.0,0.0,0.0,0.0,0.0,-0.001375402580859376,0.0,0.0,0.0
1.664,0.0,0.0,0.0,0.0,0.0,0.0,0.0,0.0,-0.0013789761383772253,0.0,0.0,0.0
1.666,0.0,0.0,0.0,0.0,0.0,0.0,0.0,0.0,-0.0013823480839375891,0.0,0.0,0.0
1.668,0.0,0.0,0.0,0.0,0.0,0.0,0.0,0.0,-0.0013855173623360446,0.0,0.0,0.0
1.67,0.0,0.0,0.0,0.0,0.0,0.0,0.0,0.0,-0.0013884829198318395,0.0,0.0,0.0
1.672,0.0,0.0,0.0,0.0,0.0,0.0,0.0,0.0,-0.001391243704149195,0.0,0.0,0.0
1.674,0.0,0.0,0.0,0.0,0.0,0.0,0.0,0.0,-0.0013937986644787016,0.0,0.0,0.0
1.676,0.0,0.0,0.0,0.0,0.0,0.0,0.0,0.0,-0.0013961467514788156,0.0,0.0,0.0
1.678,0.0,0.0,0.0,0.0,0.0,0.0,0.0,0.0,-0.0013982869172774327,0.0,0.0,0.0
1.68,0.0,0.0,0.0,0.0,0.0,0.0,0.0,0.0,-0.0014002181154734825,0.0,0.0,0.0
1.682,0.0,0.0,0.0,0.0,0.0,0.0,0.0,0.0,-0.0014019393011384385,0.0,0.0,0.0
1.684,0.0,0.0,0.0,0.0,0.0,0.0,0.0,0.0,-0.0014034494308176229,0.0,0.0,0.0
1.686,0.0,0.0,0.0,0.0,0.0,0.0,0.0,0.0,-0.001404747462531172,0.0,0.0,0.0
1.688,0.0,0.0,0.0,0.0,0.0,0.0,0.0,0.0,-0.0014058323557745857,0.0,0.0,0.0
1.69,0.0,0.0,0.0,0.0,0.0,0.0,0.0,0.0,-0.0014067030715188432,0.0,0.0,0.0
1.692,0.0,0.0,0.0,0.0,0.0,0.0,0.0,0.0,-0.001407358572210213,0.0,0.0,0.0
1.694,0.0,0.0,0.0,0.0,0.0,0.0,0.0,0.0,-0.0014077978217699946,0.0,0.0,0.0
1.696,0.0,0.0,0.0,0.0,0.0,0.0,0.0,0.0,-0.001408019785594573,0.0,0.0,0.0
1.698,0.0,0.0,0.0,0.0,0.0,0.0,0.0,0.0,-0.0014080234305562335,0.0,0.0,0.0
1.7,0.0,0.0,0.0,0.0,0.0,0.0,0.0,0.0,-0.0014078077250051179,0.0,0.0,0.0
1.702,0.0,0.0,0.0,0.0,0.0,0.0,0.0,0.0,-0.0014073716387725665,0.0,0.0,0.0
1.704,0.0,0.0,0.0,0.0,0.0,0.0,0.0,0.0,-0.0014067141431757372,0.0,0.0,0.0
1.706,0.0,0.0,0.0,0.0,0.0,0.0,0.0,0.0,-0.0014058342110229867,0.0,0.0,0.0
1.708,0.0,0.0,0.0,0.0,0.0,0.0,0.0,0.0,-0.0014047308166190142,0.0,0.0,0.0
1.71,0.0,0.0,0.0,0.0,0.0,0.0,0.0,0.0,-0.0014034029357684141,0.0,0.0,0.0
1.712,0.0,0.0,0.0,0.0,0.0,0.0,0.0,0.0,-0.0014018495457761503,0.0,0.0,0.0
1.714,0.0,0.0,0.0,0.0,0.0,0.0,0.0,0.0,-0.0014000696254437353,0.0,0.0,0.0
1.716,0.0,0.0,0.0,0.0,0.0,0.0,0.0,0.0,-0.0013980621550606425,0.0,0.0,0.0
1.718,0.0,0.0,0.0,0.0,0.0,0.0,0.0,0.0,-0.0013958261163916933,0.0,0.0,0.0
1.72,0.0,0.0,0.0,0.0,0.0,0.0,0.0,0.0,-0.0013933604926626957,0.0,0.0,0.0
1.722,0.0,0.0,0.0,0.0,0.0,0.0,0.0,0.0,-0.0013906642685481265,0.0,0.0,0.0
1.724,0.0,0.0,0.0,0.0,0.0,0.0,0.0,0.0,-0.0013877364301656885,0.0,0.0,0.0
1.726,0.0,0.0,0.0,0.0,0.0,0.0,0.0,0.0,-0.0013845759650826443,0.0,0.0,0.0
1.728,0.0,0.0,0.0,0.0,0.0,0.0,0.0,0.0,-0.0013811818623374245,0.0,0.0,0.0
1.73,0.0,0.0,0.0,0.0,0.0,0.0,0.0,0.0,-0.0013775531124769825,0.0,0.0,0.0
1.732,0.0,0.0,0.0,0.0,0.0,0.0,0.0,0.0,-0.0013736887076058405,0.0,0.0,0.0
1.734,0.0,0.0,0.0,0.0,0.0,0.0,0.0,0.0,-0.0013695876414374743,0.0,0.0,0.0
1.736,0.0,0.0,0.0,0.0,0.0,0.0,0.0,0.0,-0.0013652489093338915,0.0,0.0,0.0
1.738,0.0,0.0,0.0,0.0,0.0,0.0,0.0,0.0,-0.0013606715083165706,0.0,0.0,0.0
1.74,0.0,0.0,0.0,0.0,0.0,0.0,0.0,0.0,-0.0013558544370331212,0.0,0.0,0.0
1.742,0.0,0.0,0.0,0.0,0.0,0.0,0.0,0.0,-0.0013507966956704393,0.0,0.0,0.0
1.744,0.0,0.0,0.0,0.0,0.0,0.0,0.0,0.0,-0.0013454972858171004,0.0,0.0,0.0
1.746,0.0,0.0,0.0,0.0,0.0,0.0,0.0,0.0,-0.0013399552102941594,0.0,0.0,0.0
1.748,0.0,0.0,0.0,0.0,0.0,0.0,0.0,0.0,-0.0013341694729913944,0.0,0.0,0.0
1.75,0.0,0.0,0.0,0.0,0.0,0.0,0.0,0.0,-0.0013281390787606676,0.0,0.0,0.0
1.752,0.0,0.0,0.0,0.0,0.0,0.0,0.0,0.0,-0.001321863033423614,0.0,0.0,0.0
1.754,0.0,0.0,0.0,0.0,0.0,0.0,0.0,0.0,-0.0013153403439417266,0.0,0.0,0.0
1.756,0.0,0.0,0.0,0.0,0.0,0.0,0.0,0.0,-0.0013085700187693101,0.0,0.0,0.0
1.758,0.0,0.0,0.0,0.0,0.0,0.0,0.0,0.0,-0.0013015510683639549,0.0,0.0,0.0
1.76,0.0,0.0,0.0,0.0,0.0,0.0,0.0,0.0,-0.0012942825057708348,0.0,0.0,0.0
1.762,0.0,0.0,0.0,0.0,0.0,0.0,0.0,0.0,-0.0012867633471382721,0.0,0.0,0.0
1.764,0.0,0.0,0.0,0.0,0.0,0.0,0.0,0.0,-0.0012789926119800303,0.0,0.0,0.0
1.766,0.0,0.0,0.0,0.0,0.0,0.0,0.0,0.0,-0.0012709693229947206,0.0,0.0,0.0
1.768,0.0,0.0,0.0,0.0,0.0,0.0,0.0,0.0,-0.001262692505302216,0.0,0.0,0.0
1.77,0.0,0.0,0.0,0.0,0.0,0.0,0.0,0.0,-0.0012541611850702156,0.0,0.0,0.0
1.772,0.0,0.0,0.0,0.0,0.0,0.0,0.0,0.0,-0.001245374387675104,0.0,0.0,0.0
1.774,0.0,0.0,0.0,0.0,0.0,0.0,0.0,0.0,-0.0012363311357440948,0.0,0.0,0.0
1.776,0.0,0.0,0.0,0.0,0.0,0.0,0.0,0.0,-0.001227030447613531,0.0,0.0,0.0
1.778,0.0,0.0,0.0,0.0,0.0,0.0,0.0,0.0,-0.0012174713368482421,0.0,0.0,0.0
1.78,0.0,0.0,0.0,0.0,0.0,0.0,0.0,0.0,-0.001207652813431875,0.0,0.0,0.0
1.782,0.0,0.0,0.0,0.0,0.0,0.0,0.0,0.0,-0.00119757388700497,0.0,0.0,0.0
1.784,0.0,0.0,0.0,0.0,0.0,0.0,0.0,0.0,-0.001187233572079157,0.0,0.0,0.0
1.786,0.0,0.0,0.0,0.0,0.0,0.0,0.0,0.0,-0.001176630894532086,0.0,0.0,0.0
1.788,0.0,0.0,0.0,0.0,0.0,0.0,0.0,0.0,-0.0011657648979986252,0.0,0.0,0.0
1.79,0.0,0.0,0.0,0.0,0.0,0.0,0.0,0.0,-0.001154634648197273,0.0,0.0,0.0
1.792,0.0,0.0,0.0,0.0,0.0,0.0,0.0,0.0,-0.0011432392329888772,0.0,0.0,0.0
1.794,0.0,0.0,0.0,0.0,0.0,0.0,0.0,0.0,-0.0011315777562770225,0.0,0.0,0.0
1.796,0.0,0.0,0.0,0.0,0.0,0.0,0.0,0.0,-0.0011196493248754643,0.0,0.0,0.0
1.798,0.0,0.0,0.0,0.0,0.0,0.0,0.0,0.0,-0.0011074530291920927,0.0,0.0,0.0
1.8,0.0,0.0,0.0,0.0,0.0,0.0,0.0,0.0,-0.0010949879208051463,0.0,0.0,0.0
1.802,0.0,0.0,0.0,0.0,0.0,0.0,0.0,0.0,-0.0010822529922888675,0.0,0.0,0.0
1.804,0.0,0.0,0.0,0.0,0.0,0.0,0.0,0.0,-0.0010692471663229174,0.0,0.0,0.0
1.806,0.0,0.0,0.0,0.0,0.0,0.0,0.0,0.0,-0.0010559693014246974,0.0,0.0,0.0
1.808,0.0,0.0,0.0,0.0,0.0,0.0,0.0,0.0,-0.001042418219882586,0.0,0.0,0.0
1.81,0.0,0.0,0.0,0.0,0.0,0.0,0.0,0.0,-0.0010285927592620467,0.0,0.0,0.0
1.812,0.0,0.0,0.0,0.0,0.0,0.0,0.0,0.0,-0.0010144918423931957,0.0,0.0,0.0
1.814,0.0,0.0,0.0,0.0,0.0,0.0,0.0,0.0,-0.0010001145529742299,0.0,0.0,0.0
1.816,0.0,0.0,0.0,0.0,0.0,0.0,0.0,0.0,-0.0009854601965949448,0.0,0.0,0.0
1.818,0.0,0.0,0.0,0.0,0.0,0.0,0.0,0.0,-0.0009705283224903858,0.0,0.0,0.0
1.82,0.0,0.0,0.0,0.0,0.0,0.0,0.0,0.0,-0.0009553186822682763,0.0,0.0,0.0
1.822,0.0,0.0,0.0,0.0,0.0,0.0,0.0,0.0,-0.0009398311103178097,0.0,0.0,0.0
1.824,0.0,0.0,0.0,0.0,0.0,0.0,0.0,0.0,-0.0009240653273699023,0.0,0.0,0.0
1.826,0.0,0.0,0.0,0.0,0.0,0.0,0.0,0.0,-0.0009080206923582566,0.0,0.0,0.0
1.828,0.0,0.0,0.0,0.0,0.0,0.0,0.0,0.0,-0.0008916959542650203,0.0,0.0,0.0
1.83,0.0,0.0,0.0,0.0,0.0,0.0,0.0,0.0,-0.0008750890783244392,0.0,0.0,0.0
1.832,0.0,0.0,0.0,0.0,0.0,0.0,0.0,0.0,-0.0008581972313143839,0.0,0.0,0.0
1.834,0.0,0.0,0.0,0.0,0.0,0.0,0.0,0.0,-0.0008410170001716506,0.0,0.0,0.0
1.836,0.0,0.0,0.0,0.0,0.0,0.0,0.0,0.0,-0.0008235448808163255,0.0,0.0,0.0
1.838,0.0,0.0,0.0,0.0,0.0,0.0,0.0,0.0,-0.0008057780092706973,0.0,0.0,0.0
1.84,0.0,0.0,0.0,0.0,0.0,0.0,0.0,0.0,-0.0007877150222839111,0.0,0.0,0.0
1.842,0.0,0.0,0.0,0.0,0.0,0.0,0.0,0.0,-0.0007693568463532852,0.0,0.0,0.0
1.844,0.0,0.0,0.0,0.0,0.0,0.0,0.0,0.0,-0.0007507071472266847,0.0,0.0,0.0
1.846,0.0,0.0,0.0,0.0,0.0,0.0,0.0,0.0,-0.0007317721561438759,0.0,0.0,0.0
1.848,0.0,0.0,0.0,0.0,0.0,0.0,0.0,0.0,-0.0007125596513469266,0.0,0.0,0.0
1.85,0.0,0.0,0.0,0.0,0.0,0.0,0.0,0.0,-0.0006930770293721539,0.0,0.0,0.0
1.852,0.0,0.0,0.0,0.0,0.0,0.0,0.0,0.0,-0.0006733286447029156,0.0,0.0,0.0
1.854,0.0,0.0,0.0,0.0,0.0,0.0,0.0,0.0,-0.0006533128940138626,0.0,0.0,0.0
1.856,0.0,0.0,0.0,0.0,0.0,0.0,0.0,0.0,-0.0006330198067651841,0.0,0.0,0.0
1.858,0.0,0.0,0.0,0.0,0.0,0.0,0.0,0.0,-0.0006124300863886409,0.0,0.0,0.0
1.86,0.0,0.0,0.0,0.0,0.0,0.0,0.0,0.0,-0.0005915165257939783,0.0,0.0,0.0
1.862,0.0,0.0,0.0,0.0,0.0,0.0,0.0,0.0,-0.0005702484144242696,0.0,0.0,0.0
1.864,0.0,0.0,0.0,0.0,0.0,0.0,0.0,0.0,-0.0005485989278900535,0.0,0.0,0.0
