记录时间,HRV数值(ms)
2025-10-15 09:56:18,108
2025-10-14 20:32:30,141
2025-10-14 20:31:42,129
2025-10-14 17:25:31,112
2025-10-14 14:53:31,110
2025-10-14 09:00:39,109
2025-10-14 05:19:57,116
2025-10-13 19:56:28,117
2025-10-13 18:27:42,142
2025-10-13 15:02:41,96
2025-10-13 11:18:52,92
2025-10-12 22:15:59,110
2025-10-12 15:54:02,116
2025-10-12 13:53:44,119
2025-10-12 13:51:50,121
2025-10-12 13:43:16,117
2025-10-12 12:52:20,107
2025-10-11 23:07:01,121
2025-10-10 21:51:11,113
2025-10-09 17:29:53,95
2025-10-07 23:27:33,115
2025-10-06 22:04:58,95
2025-10-06 16:15:41,129